firstName,lastName,personId,gameId,gameDate,playerteamCity,playerteamName,opponentteamCity,opponentteamName,gameType,gameLabel,gameSubLabel,seriesGameNumber,win,home,numMinutes,points,assists,blocks,steals,fieldGoalsAttempted,fieldGoalsMade,fieldGoalsPercentage,threePointersAttempted,threePointersMade,threePointersPercentage,freeThrowsAttempted,freeThrowsMade,freeThrowsPercentage,reboundsDefensive,reboundsOffensive,reboundsTotal,foulsPersonal,turnovers,plusMinusPoints
Devin,Booker,1626164,22500088,2025-10-22T22:00:00Z,Phoenix,Suns,Sacramento,Kings,,,,,1,1,36.22,31.0,3.0,0.0,1.0,19.0,10.0,0.526,3.0,1.0,0.333,15.0,10.0,0.667,3.0,2.0,5.0,5.0,6.0,1.0
Royce,O'Neale,1626220,22500088,2025-10-22T22:00:00Z,Phoenix,Suns,Sacramento,Kings,,,,,1,1,29.03,12.0,2.0,0.0,1.0,8.0,4.0,0.5,7.0,3.0,0.429,2.0,1.0,0.5,3.0,2.0,5.0,2.0,1.0,3.0
Malik,Monk,1628370,22500088,2025-10-22T22:00:00Z,Sacramento,Kings,Phoenix,Suns,,,,,0,0,27.23,19.0,2.0,0.0,0.0,13.0,7.0,0.538,4.0,3.0,0.75,2.0,2.0,1.0,1.0,0.0,1.0,2.0,0.0,-9.0
Dillon,Brooks,1628415,22500088,2025-10-22T22:00:00Z,Phoenix,Suns,Sacramento,Kings,,,,,1,1,33.54,22.0,3.0,1.0,2.0,24.0,9.0,0.375,8.0,1.0,0.125,3.0,3.0,1.0,3.0,1.0,4.0,5.0,2.0,2.0
Nigel,Hayes-Davis,1628502,22500088,2025-10-22T22:00:00Z,Phoenix,Suns,Sacramento,Kings,,,,,1,1,10.19,0.0,0.0,0.0,0.0,1.0,0.0,0.0,1.0,0.0,0.0,0.0,0.0,0.0,2.0,0.0,2.0,0.0,0.0,4.0
Grayson,Allen,1628960,22500088,2025-10-22T22:00:00Z,Phoenix,Suns,Sacramento,Kings,,,,,1,1,35.35,18.0,7.0,0.0,1.0,12.0,6.0,0.5,7.0,3.0,0.429,3.0,3.0,1.0,4.0,1.0,5.0,3.0,4.0,1.0
Donte,DiVincenzo,1628978,22500089,2025-10-22T22:00:00Z,Minnesota,Timberwolves,Portland,Trail Blazers,,,,,1,0,20.22,7.0,2.0,2.0,2.0,6.0,3.0,0.5,3.0,1.0,0.333,0.0,0.0,0.0,4.0,0.0,4.0,1.0,6.0,-4.0
Robert,Williams III,1629057,22500089,2025-10-22T22:00:00Z,Portland,Trail Blazers,Minnesota,Timberwolves,,,,,0,1,,0.0,0.0,0.0,0.0,0.0,0.0,0.0,0.0,0.0,0.0,0.0,0.0,0.0,0.0,0.0,0.0,0.0,0.0,0.0
Drew,Eubanks,1629234,22500088,2025-10-22T22:00:00Z,Sacramento,Kings,Phoenix,Suns,,,,,0,0,21.54,4.0,0.0,4.0,2.0,4.0,1.0,0.25,0.0,0.0,0.0,4.0,2.0,0.5,3.0,1.0,4.0,1.0,2.0,-7.0
Naz,Reid,1629675,22500089,2025-10-22T22:00:00Z,Minnesota,Timberwolves,Portland,Trail Blazers,,,,,1,0,19.51,6.0,1.0,2.0,1.0,4.0,2.0,0.5,1.0,0.0,0.0,2.0,2.0,1.0,2.0,1.0,3.0,2.0,1.0,1.0
Matisse,Thybulle,1629680,22500089,2025-10-22T22:00:00Z,Portland,Trail Blazers,Minnesota,Timberwolves,,,,,0,1,13.49,2.0,2.0,0.0,2.0,2.0,0.0,0.0,1.0,0.0,0.0,2.0,2.0,1.0,2.0,0.0,2.0,1.0,0.0,-2.0
Anthony,Edwards,1630162,22500089,2025-10-22T22:00:00Z,Minnesota,Timberwolves,Portland,Trail Blazers,,,,,1,0,39.15,41.0,1.0,1.0,0.0,28.0,14.0,0.5,10.0,5.0,0.5,8.0,8.0,1.0,6.0,1.0,7.0,4.0,4.0,9.0
Deni,Avdija,1630166,22500089,2025-10-22T22:00:00Z,Portland,Trail Blazers,Minnesota,Timberwolves,,,,,0,1,32.59,20.0,1.0,1.0,0.0,16.0,6.0,0.375,6.0,0.0,0.0,10.0,8.0,0.8,7.0,0.0,7.0,2.0,2.0,-2.0
Jaden,McDaniels,1630183,22500089,2025-10-22T22:00:00Z,Minnesota,Timberwolves,Portland,Trail Blazers,,,,,1,0,28.59,18.0,2.0,3.0,1.0,12.0,6.0,0.5,4.0,3.0,0.75,4.0,3.0,0.75,5.0,0.0,5.0,4.0,3.0,3.0
Nick,Richards,1630208,22500088,2025-10-22T22:00:00Z,Phoenix,Suns,Sacramento,Kings,,,,,1,1,4.42,8.0,0.0,0.0,0.0,3.0,3.0,1.0,0.0,0.0,0.0,2.0,2.0,1.0,1.0,2.0,3.0,1.0,0.0,-6.0
Bones,Hyland,1630538,22500089,2025-10-22T22:00:00Z,Minnesota,Timberwolves,Portland,Trail Blazers,,,,,1,0,7.43,2.0,1.0,0.0,0.0,2.0,1.0,0.5,1.0,0.0,0.0,0.0,0.0,0.0,2.0,0.0,2.0,2.0,1.0,5.0
Terrence,Shannon Jr.,1630545,22500089,2025-10-22T22:00:00Z,Minnesota,Timberwolves,Portland,Trail Blazers,,,,,1,0,25.28,10.0,5.0,0.0,1.0,7.0,4.0,0.571,2.0,2.0,1.0,0.0,0.0,0.0,4.0,1.0,5.0,3.0,2.0,5.0
Johnny,Juzang,1630548,22500089,2025-10-22T22:00:00Z,Minnesota,Timberwolves,Portland,Trail Blazers,,,,,1,0,,0.0,0.0,0.0,0.0,0.0,0.0,0.0,0.0,0.0,0.0,0.0,0.0,0.0,0.0,0.0,0.0,0.0,0.0,0.0
Isaiah,Livers,1630587,22500088,2025-10-22T22:00:00Z,Phoenix,Suns,Sacramento,Kings,,,,,1,1,,0.0,0.0,0.0,0.0,0.0,0.0,0.0,0.0,0.0,0.0,0.0,0.0,0.0,0.0,0.0,0.0,0.0,0.0,0.0
Jordan,Goodwin,1630692,22500088,2025-10-22T22:00:00Z,Phoenix,Suns,Sacramento,Kings,,,,,1,1,,0.0,0.0,0.0,0.0,0.0,0.0,0.0,0.0,0.0,0.0,0.0,0.0,0.0,0.0,0.0,0.0,0.0,0.0,0.0
Scoot,Henderson,1630703,22500089,2025-10-22T22:00:00Z,Portland,Trail Blazers,Minnesota,Timberwolves,,,,,0,1,,0.0,0.0,0.0,0.0,0.0,0.0,0.0,0.0,0.0,0.0,0.0,0.0,0.0,0.0,0.0,0.0,0.0,0.0,0.0
Shaedon,Sharpe,1631101,22500089,2025-10-22T22:00:00Z,Portland,Trail Blazers,Minnesota,Timberwolves,,,,,0,1,28.52,15.0,4.0,0.0,1.0,20.0,5.0,0.25,9.0,3.0,0.333,2.0,2.0,1.0,2.0,0.0,2.0,1.0,4.0,0.0
Blake,Wesley,1631104,22500089,2025-10-22T22:00:00Z,Portland,Trail Blazers,Minnesota,Timberwolves,,,,,0,1,14.56,7.0,4.0,0.0,2.0,5.0,2.0,0.4,1.0,0.0,0.0,5.0,3.0,0.6,3.0,0.0,3.0,1.0,2.0,-2.0
Mark,Williams,1631109,22500088,2025-10-22T22:00:00Z,Phoenix,Suns,Sacramento,Kings,,,,,1,1,23.39,6.0,0.0,2.0,0.0,5.0,3.0,0.6,0.0,0.0,0.0,0.0,0.0,0.0,9.0,2.0,11.0,2.0,1.0,15.0
Leonard,Miller,1631159,22500089,2025-10-22T22:00:00Z,Minnesota,Timberwolves,Portland,Trail Blazers,,,,,1,0,,0.0,0.0,0.0,0.0,0.0,0.0,0.0,0.0,0.0,0.0,0.0,0.0,0.0,0.0,0.0,0.0,0.0,0.0,0.0
Keon,Ellis,1631165,22500088,2025-10-22T22:00:00Z,Sacramento,Kings,Phoenix,Suns,,,,,0,0,12.58,9.0,0.0,0.0,1.0,5.0,4.0,0.8,2.0,1.0,0.5,0.0,0.0,0.0,1.0,0.0,1.0,1.0,0.0,-2.0
Kris,Murray,1631200,22500089,2025-10-22T22:00:00Z,Portland,Trail Blazers,Minnesota,Timberwolves,,,,,0,1,18.33,7.0,0.0,0.0,0.0,3.0,2.0,0.667,2.0,1.0,0.5,2.0,2.0,1.0,0.0,0.0,0.0,1.0,1.0,2.0
Collin,Gillespie,1631221,22500088,2025-10-22T22:00:00Z,Phoenix,Suns,Sacramento,Kings,,,,,1,1,22.2,7.0,4.0,1.0,1.0,9.0,3.0,0.333,4.0,1.0,0.25,0.0,0.0,0.0,0.0,2.0,2.0,2.0,0.0,9.0
Daeqwon,Plowden,1631342,22500088,2025-10-22T22:00:00Z,Sacramento,Kings,Phoenix,Suns,,,,,0,0,,0.0,0.0,0.0,0.0,0.0,0.0,0.0,0.0,0.0,0.0,0.0,0.0,0.0,0.0,0.0,0.0,0.0,0.0,0.0
Rayan,Rupert,1641712,22500089,2025-10-22T22:00:00Z,Portland,Trail Blazers,Minnesota,Timberwolves,,,,,0,1,,0.0,0.0,0.0,0.0,0.0,0.0,0.0,0.0,0.0,0.0,0.0,0.0,0.0,0.0,0.0,0.0,0.0,0.0,0.0
Toumani,Camara,1641739,22500089,2025-10-22T22:00:00Z,Portland,Trail Blazers,Minnesota,Timberwolves,,,,,0,1,34.44,10.0,5.0,0.0,0.0,9.0,3.0,0.333,5.0,2.0,0.4,2.0,2.0,1.0,5.0,4.0,9.0,1.0,0.0,-1.0
Jaylen,Clark,1641740,22500089,2025-10-22T22:00:00Z,Minnesota,Timberwolves,Portland,Trail Blazers,,,,,1,0,16.28,2.0,3.0,0.0,2.0,5.0,1.0,0.2,2.0,0.0,0.0,0.0,0.0,0.0,2.0,2.0,4.0,2.0,1.0,-2.0
Isaiah,Stevens,1641815,22500088,2025-10-22T22:00:00Z,Sacramento,Kings,Phoenix,Suns,,,,,0,0,,0.0,0.0,0.0,0.0,0.0,0.0,0.0,0.0,0.0,0.0,0.0,0.0,0.0,0.0,0.0,0.0,0.0,0.0,0.0
Duop,Reath,1641871,22500089,2025-10-22T22:00:00Z,Portland,Trail Blazers,Minnesota,Timberwolves,,,,,0,1,,0.0,0.0,0.0,0.0,0.0,0.0,0.0,0.0,0.0,0.0,0.0,0.0,0.0,0.0,0.0,0.0,0.0,0.0,0.0
Rob,Dillingham,1642265,22500089,2025-10-22T22:00:00Z,Minnesota,Timberwolves,Portland,Trail Blazers,,,,,1,0,,0.0,0.0,0.0,0.0,0.0,0.0,0.0,0.0,0.0,0.0,0.0,0.0,0.0,0.0,0.0,0.0,0.0,0.0,0.0
Devin,Carter,1642269,22500088,2025-10-22T22:00:00Z,Sacramento,Kings,Phoenix,Suns,,,,,0,0,,0.0,0.0,0.0,0.0,0.0,0.0,0.0,0.0,0.0,0.0,0.0,0.0,0.0,0.0,0.0,0.0,0.0,0.0,0.0
Donovan,Clingan,1642270,22500089,2025-10-22T22:00:00Z,Portland,Trail Blazers,Minnesota,Timberwolves,,,,,0,1,30.01,8.0,1.0,1.0,2.0,5.0,3.0,0.6,4.0,2.0,0.5,0.0,0.0,0.0,4.0,2.0,6.0,3.0,1.0,-2.0
Oso,Ighodaro,1642345,22500088,2025-10-22T22:00:00Z,Phoenix,Suns,Sacramento,Kings,,,,,1,1,19.23,7.0,1.0,0.0,0.0,5.0,3.0,0.6,0.0,0.0,0.0,1.0,1.0,1.0,3.0,1.0,4.0,3.0,1.0,-2.0
Ryan,Dunn,1642346,22500088,2025-10-22T22:00:00Z,Phoenix,Suns,Sacramento,Kings,,,,,1,1,24.43,9.0,3.0,3.0,1.0,9.0,4.0,0.444,4.0,1.0,0.25,2.0,0.0,0.0,5.0,5.0,10.0,2.0,0.0,-7.0
Nique,Clifford,1642363,22500088,2025-10-22T22:00:00Z,Sacramento,Kings,Phoenix,Suns,,,,,0,0,23.41,2.0,2.0,1.0,2.0,3.0,1.0,0.333,0.0,0.0,0.0,0.0,0.0,0.0,5.0,3.0,8.0,4.0,1.0,3.0
Rasheer,Fleming,1642853,22500088,2025-10-22T22:00:00Z,Phoenix,Suns,Sacramento,Kings,,,,,1,1,,0.0,0.0,0.0,0.0,0.0,0.0,0.0,0.0,0.0,0.0,0.0,0.0,0.0,0.0,0.0,0.0,0.0,0.0,0.0
Khaman,Maluach,1642863,22500088,2025-10-22T22:00:00Z,Phoenix,Suns,Sacramento,Kings,,,,,1,1,,0.0,0.0,0.0,0.0,0.0,0.0,0.0,0.0,0.0,0.0,0.0,0.0,0.0,0.0,0.0,0.0,0.0,0.0,0.0
Joan,Beringer,1642866,22500089,2025-10-22T22:00:00Z,Minnesota,Timberwolves,Portland,Trail Blazers,,,,,1,0,,0.0,0.0,0.0,0.0,0.0,0.0,0.0,0.0,0.0,0.0,0.0,0.0,0.0,0.0,0.0,0.0,0.0,0.0,0.0
Maxime,Raynaud,1642875,22500088,2025-10-22T22:00:00Z,Sacramento,Kings,Phoenix,Suns,,,,,0,0,11.29,0.0,2.0,0.0,0.0,1.0,0.0,0.0,0.0,0.0,0.0,0.0,0.0,0.0,4.0,0.0,4.0,1.0,1.0,-3.0
Koby,Brea,1642886,22500088,2025-10-22T22:00:00Z,Phoenix,Suns,Sacramento,Kings,,,,,1,1,,0.0,0.0,0.0,0.0,0.0,0.0,0.0,0.0,0.0,0.0,0.0,0.0,0.0,0.0,0.0,0.0,0.0,0.0,0.0
Hansen,Yang,1642905,22500089,2025-10-22T22:00:00Z,Portland,Trail Blazers,Minnesota,Timberwolves,,,,,0,1,5.16,2.0,0.0,0.0,0.0,1.0,0.0,0.0,0.0,0.0,0.0,2.0,2.0,1.0,0.0,1.0,1.0,1.0,0.0,-5.0
Dylan,Cardwell,1642928,22500088,2025-10-22T22:00:00Z,Sacramento,Kings,Phoenix,Suns,,,,,0,0,14.37,3.0,0.0,2.0,1.0,4.0,1.0,0.25,0.0,0.0,0.0,2.0,1.0,0.5,0.0,1.0,1.0,5.0,0.0,6.0
Mike,Conley,201144,22500089,2025-10-22T22:00:00Z,Minnesota,Timberwolves,Portland,Trail Blazers,,,,,1,0,12.43,3.0,0.0,0.0,1.0,5.0,1.0,0.2,2.0,1.0,0.5,0.0,0.0,0.0,1.0,1.0,2.0,2.0,1.0,-3.0
Russell,Westbrook,201566,22500088,2025-10-22T22:00:00Z,Sacramento,Kings,Phoenix,Suns,,,,,0,0,18.48,6.0,1.0,1.0,0.0,8.0,2.0,0.25,2.0,0.0,0.0,3.0,2.0,0.667,5.0,1.0,6.0,0.0,2.0,2.0
DeMar,DeRozan,201942,22500088,2025-10-22T22:00:00Z,Sacramento,Kings,Phoenix,Suns,,,,,0,0,37.25,29.0,9.0,1.0,2.0,17.0,12.0,0.706,2.0,1.0,0.5,9.0,4.0,0.444,4.0,2.0,6.0,2.0,1.0,9.0
Jrue,Holiday,201950,22500089,2025-10-22T22:00:00Z,Portland,Trail Blazers,Minnesota,Timberwolves,,,,,0,1,33.04,14.0,7.0,0.0,3.0,15.0,5.0,0.333,7.0,1.0,0.143,4.0,3.0,0.75,6.0,0.0,6.0,3.0,4.0,-2.0
Damian,Lillard,203081,22500089,2025-10-22T22:00:00Z,Portland,Trail Blazers,Minnesota,Timberwolves,,,,,0,1,,0.0,0.0,0.0,0.0,0.0,0.0,0.0,0.0,0.0,0.0,0.0,0.0,0.0,0.0,0.0,0.0,0.0,0.0,0.0
Dennis,Schroder,203471,22500088,2025-10-22T22:00:00Z,Sacramento,Kings,Phoenix,Suns,,,,,0,0,29.44,14.0,7.0,1.0,2.0,13.0,6.0,0.462,4.0,2.0,0.5,0.0,0.0,0.0,1.0,0.0,1.0,3.0,4.0,-8.0
Rudy,Gobert,203497,22500089,2025-10-22T22:00:00Z,Minnesota,Timberwolves,Portland,Trail Blazers,,,,,1,0,31.51,10.0,0.0,1.0,0.0,4.0,3.0,0.75,0.0,0.0,0.0,6.0,4.0,0.667,3.0,3.0,6.0,6.0,0.0,0.0
Zach,LaVine,203897,22500088,2025-10-22T22:00:00Z,Sacramento,Kings,Phoenix,Suns,,,,,0,0,34.33,30.0,1.0,0.0,0.0,24.0,13.0,0.542,10.0,2.0,0.2,3.0,2.0,0.667,2.0,0.0,2.0,3.0,2.0,-6.0
Jerami,Grant,203924,22500089,2025-10-22T22:00:00Z,Portland,Trail Blazers,Minnesota,Timberwolves,,,,,0,1,27.46,29.0,1.0,1.0,0.0,14.0,10.0,0.714,7.0,4.0,0.571,6.0,5.0,0.833,3.0,0.0,3.0,3.0,1.0,-6.0
Doug,McDermott,203926,22500088,2025-10-22T22:00:00Z,Sacramento,Kings,Phoenix,Suns,,,,,0,0,,0.0,0.0,0.0,0.0,0.0,0.0,0.0,0.0,0.0,0.0,0.0,0.0,0.0,0.0,0.0,0.0,0.0,0.0,0.0
Julius,Randle,203944,22500089,2025-10-22T22:00:00Z,Minnesota,Timberwolves,Portland,Trail Blazers,,,,,1,0,37.2,19.0,6.0,1.0,2.0,13.0,7.0,0.538,5.0,3.0,0.6,4.0,2.0,0.5,6.0,1.0,7.0,3.0,0.0,6.0
Dario,Saric,203967,22500088,2025-10-22T22:00:00Z,Sacramento,Kings,Phoenix,Suns,,,,,0,0,7.28,0.0,0.0,0.0,0.0,2.0,0.0,0.0,0.0,0.0,0.0,0.0,0.0,0.0,2.0,1.0,3.0,0.0,0.0,-5.0
Joe,Ingles,204060,22500089,2025-10-22T22:00:00Z,Minnesota,Timberwolves,Portland,Trail Blazers,,,,,1,0,,0.0,0.0,0.0,0.0,0.0,0.0,0.0,0.0,0.0,0.0,0.0,0.0,0.0,0.0,0.0,0.0,0.0,0.0,0.0
D'Angelo,Russell,1626156,22500004,2025-10-22T21:30:00Z,Dallas,Mavericks,San Antonio,Spurs,,,,,0,1,15.04,6.0,3.0,0.0,0.0,6.0,1.0,0.167,1.0,0.0,0.0,6.0,4.0,0.667,2.0,0.0,2.0,2.0,1.0,-4.0
Luke,Kornet,1628436,22500004,2025-10-22T21:30:00Z,San Antonio,Spurs,Dallas,Mavericks,,,,,1,0,15.47,2.0,3.0,2.0,0.0,3.0,1.0,0.333,0.0,0.0,0.0,0.0,0.0,0.0,3.0,1.0,4.0,3.0,1.0,5.0
Caleb,Martin,1628997,22500004,2025-10-22T21:30:00Z,Dallas,Mavericks,San Antonio,Spurs,,,,,0,1,4.04,0.0,1.0,0.0,0.0,1.0,0.0,0.0,0.0,0.0,0.0,0.0,0.0,0.0,0.0,1.0,1.0,0.0,1.0,-4.0
P.J.,Washington,1629023,22500004,2025-10-22T21:30:00Z,Dallas,Mavericks,San Antonio,Spurs,,,,,0,1,29.25,17.0,1.0,1.0,0.0,11.0,7.0,0.636,3.0,2.0,0.667,1.0,1.0,1.0,4.0,1.0,5.0,4.0,2.0,-20.0
Jordan,McLaughlin,1629162,22500004,2025-10-22T21:30:00Z,San Antonio,Spurs,Dallas,Mavericks,,,,,1,0,8.08,2.0,1.0,0.0,1.0,2.0,1.0,0.5,1.0,0.0,0.0,0.0,0.0,0.0,0.0,0.0,0.0,1.0,0.0,3.0
Keldon,Johnson,1629640,22500004,2025-10-22T21:30:00Z,San Antonio,Spurs,Dallas,Mavericks,,,,,1,0,24.39,11.0,2.0,0.0,1.0,6.0,5.0,0.833,1.0,1.0,1.0,0.0,0.0,0.0,3.0,2.0,5.0,2.0,0.0,10.0
Devin,Vassell,1630170,22500004,2025-10-22T21:30:00Z,San Antonio,Spurs,Dallas,Mavericks,,,,,1,0,30.56,13.0,4.0,0.0,2.0,14.0,6.0,0.429,4.0,1.0,0.25,1.0,0.0,0.0,2.0,1.0,3.0,0.0,0.0,25.0
Naji,Marshall,1630230,22500004,2025-10-22T21:30:00Z,Dallas,Mavericks,San Antonio,Spurs,,,,,0,1,22.34,3.0,1.0,0.0,0.0,2.0,0.0,0.0,0.0,0.0,0.0,4.0,3.0,0.75,1.0,0.0,1.0,2.0,0.0,-17.0
Brandon,Williams,1630314,22500004,2025-10-22T21:30:00Z,Dallas,Mavericks,San Antonio,Spurs,,,,,0,1,11.34,0.0,2.0,0.0,1.0,1.0,0.0,0.0,0.0,0.0,0.0,2.0,0.0,0.0,0.0,0.0,0.0,0.0,1.0,-8.0
Julian,Champagnie,1630577,22500004,2025-10-22T21:30:00Z,San Antonio,Spurs,Dallas,Mavericks,,,,,1,0,25.24,5.0,2.0,0.0,1.0,3.0,1.0,0.333,2.0,1.0,0.5,3.0,2.0,0.667,3.0,1.0,4.0,1.0,0.0,15.0
Moussa,Cisse,1630619,22500004,2025-10-22T21:30:00Z,Dallas,Mavericks,San Antonio,Spurs,,,,,0,1,4.04,0.0,0.0,0.0,0.0,0.0,0.0,0.0,0.0,0.0,0.0,0.0,0.0,0.0,0.0,0.0,0.0,0.0,0.0,-4.0
Jaden,Hardy,1630702,22500004,2025-10-22T21:30:00Z,Dallas,Mavericks,San Antonio,Spurs,,,,,0,1,7.15,3.0,0.0,0.0,0.0,3.0,1.0,0.333,2.0,1.0,0.5,0.0,0.0,0.0,1.0,0.0,1.0,1.0,0.0,-5.0
Max,Christie,1631108,22500004,2025-10-22T21:30:00Z,Dallas,Mavericks,San Antonio,Spurs,,,,,0,1,25.57,9.0,1.0,1.0,0.0,4.0,3.0,0.75,4.0,3.0,0.75,0.0,0.0,0.0,0.0,0.0,0.0,0.0,2.0,-13.0
Harrison,Ingram,1631127,22500004,2025-10-22T21:30:00Z,San Antonio,Spurs,Dallas,Mavericks,,,,,1,0,4.04,3.0,0.0,0.0,0.0,1.0,1.0,1.0,1.0,1.0,1.0,0.0,0.0,0.0,0.0,1.0,1.0,0.0,0.0,4.0
Victor,Wembanyama,1641705,22500004,2025-10-22T21:30:00Z,San Antonio,Spurs,Dallas,Mavericks,,,,,1,0,29.41,40.0,1.0,3.0,1.0,21.0,15.0,0.714,2.0,1.0,0.5,11.0,9.0,0.818,14.0,1.0,15.0,4.0,0.0,31.0
Dereck,Lively II,1641726,22500004,2025-10-22T21:30:00Z,Dallas,Mavericks,San Antonio,Spurs,,,,,0,1,10.19,4.0,3.0,0.0,0.0,2.0,1.0,0.5,0.0,0.0,0.0,2.0,2.0,1.0,1.0,1.0,2.0,5.0,1.0,-5.0
Stephon,Castle,1642264,22500004,2025-10-22T21:30:00Z,San Antonio,Spurs,Dallas,Mavericks,,,,,1,0,28.32,22.0,6.0,0.0,2.0,12.0,8.0,0.667,3.0,1.0,0.333,10.0,5.0,0.5,5.0,2.0,7.0,2.0,5.0,24.0
David,Jones Garcia,1642357,22500004,2025-10-22T21:30:00Z,San Antonio,Spurs,Dallas,Mavericks,,,,,1,0,4.04,5.0,2.0,0.0,0.0,2.0,2.0,1.0,0.0,0.0,0.0,1.0,1.0,1.0,0.0,1.0,1.0,2.0,0.0,4.0
Riley,Minix,1642434,22500004,2025-10-22T21:30:00Z,San Antonio,Spurs,Dallas,Mavericks,,,,,1,0,1.34,0.0,0.0,0.0,0.0,0.0,0.0,0.0,0.0,0.0,0.0,0.0,0.0,0.0,1.0,0.0,1.0,0.0,0.0,4.0
Cooper,Flagg,1642843,22500004,2025-10-22T21:30:00Z,Dallas,Mavericks,San Antonio,Spurs,,,,,0,1,31.32,10.0,0.0,0.0,1.0,13.0,4.0,0.308,1.0,0.0,0.0,2.0,2.0,1.0,9.0,1.0,10.0,3.0,3.0,-29.0
Dylan,Harper,1642844,22500004,2025-10-22T21:30:00Z,San Antonio,Spurs,Dallas,Mavericks,,,,,1,0,22.41,15.0,2.0,0.0,0.0,14.0,7.0,0.5,2.0,1.0,0.5,2.0,0.0,0.0,3.0,1.0,4.0,5.0,4.0,5.0
Carter,Bryant,1642868,22500004,2025-10-22T21:30:00Z,San Antonio,Spurs,Dallas,Mavericks,,,,,1,0,9.16,0.0,0.0,0.0,0.0,2.0,0.0,0.0,1.0,0.0,0.0,0.0,0.0,0.0,2.0,0.0,2.0,0.0,0.0,5.0
Ryan,Nembhard,1642948,22500004,2025-10-22T21:30:00Z,Dallas,Mavericks,San Antonio,Spurs,,,,,0,1,15.31,8.0,5.0,0.0,0.0,5.0,3.0,0.6,1.0,0.0,0.0,2.0,2.0,1.0,0.0,0.0,0.0,0.0,3.0,-4.0
Bismack,Biyombo,202687,22500004,2025-10-22T21:30:00Z,San Antonio,Spurs,Dallas,Mavericks,,,,,1,0,4.56,0.0,0.0,0.0,2.0,0.0,0.0,0.0,0.0,0.0,0.0,0.0,0.0,0.0,1.0,0.0,1.0,2.0,2.0,3.0
Klay,Thompson,202691,22500004,2025-10-22T21:30:00Z,Dallas,Mavericks,San Antonio,Spurs,,,,,0,1,22.2,10.0,1.0,0.0,0.0,13.0,4.0,0.308,5.0,1.0,0.2,1.0,1.0,1.0,1.0,1.0,2.0,1.0,1.0,-23.0
Anthony,Davis,203076,22500004,2025-10-22T21:30:00Z,Dallas,Mavericks,San Antonio,Spurs,,,,,0,1,32.29,22.0,1.0,1.0,2.0,22.0,7.0,0.318,4.0,2.0,0.5,6.0,6.0,1.0,9.0,4.0,13.0,4.0,0.0,-24.0
Harrison,Barnes,203084,22500004,2025-10-22T21:30:00Z,San Antonio,Spurs,Dallas,Mavericks,,,,,1,0,30.18,7.0,1.0,0.0,0.0,7.0,3.0,0.429,3.0,1.0,0.333,0.0,0.0,0.0,2.0,0.0,2.0,2.0,2.0,27.0
Dwight,Powell,203939,22500004,2025-10-22T21:30:00Z,Dallas,Mavericks,San Antonio,Spurs,,,,,0,1,7.52,0.0,1.0,0.0,1.0,0.0,0.0,0.0,0.0,0.0,0.0,0.0,0.0,0.0,0.0,0.0,0.0,2.0,1.0,-5.0
Chris,Paul,101108,22500087,2025-10-22T21:00:00Z,LA,Clippers,Utah,Jazz,,,,,0,0,14.58,4.0,4.0,0.0,1.0,5.0,1.0,0.2,4.0,1.0,0.25,1.0,1.0,1.0,0.0,1.0,1.0,2.0,1.0,-6.0
Kris,Dunn,1627739,22500087,2025-10-22T21:00:00Z,LA,Clippers,Utah,Jazz,,,,,0,0,22.09,0.0,1.0,0.0,1.0,3.0,0.0,0.0,1.0,0.0,0.0,0.0,0.0,0.0,3.0,2.0,5.0,0.0,2.0,-20.0
Ivica,Zubac,1627826,22500087,2025-10-22T21:00:00Z,LA,Clippers,Utah,Jazz,,,,,0,0,27.11,19.0,3.0,1.0,0.0,13.0,9.0,0.692,0.0,0.0,0.0,1.0,1.0,1.0,4.0,3.0,7.0,0.0,2.0,-21.0
Derrick,Jones Jr.,1627884,22500087,2025-10-22T21:00:00Z,LA,Clippers,Utah,Jazz,,,,,0,0,17.4,12.0,1.0,1.0,0.0,7.0,5.0,0.714,3.0,1.0,0.333,2.0,1.0,0.5,0.0,1.0,1.0,4.0,1.0,-12.0
Lauri,Markkanen,1628374,22500087,2025-10-22T21:00:00Z,Utah,Jazz,LA,Clippers,,,,,1,1,33.29,20.0,5.0,0.0,0.0,13.0,8.0,0.615,7.0,4.0,0.571,0.0,0.0,0.0,4.0,2.0,6.0,0.0,1.0,19.0
John,Collins,1628381,22500087,2025-10-22T21:00:00Z,LA,Clippers,Utah,Jazz,,,,,0,0,27.51,14.0,1.0,2.0,1.0,12.0,6.0,0.5,2.0,1.0,0.5,2.0,1.0,0.5,4.0,3.0,7.0,1.0,2.0,0.0
Svi,Mykhailiuk,1629004,22500087,2025-10-22T21:00:00Z,Utah,Jazz,LA,Clippers,,,,,1,1,24.26,9.0,3.0,0.0,1.0,4.0,3.0,0.75,4.0,3.0,0.75,0.0,0.0,0.0,1.0,0.0,1.0,0.0,0.0,20.0
Walker,Kessler,1631117,22500087,2025-10-22T21:00:00Z,Utah,Jazz,LA,Clippers,,,,,1,1,28.4,22.0,4.0,4.0,2.0,7.0,7.0,1.0,2.0,2.0,1.0,8.0,6.0,0.75,7.0,2.0,9.0,5.0,1.0,13.0
Oscar,Tshiebwe,1631131,22500087,2025-10-22T21:00:00Z,Utah,Jazz,LA,Clippers,,,,,1,1,,0.0,0.0,0.0,0.0,0.0,0.0,0.0,0.0,0.0,0.0,0.0,0.0,0.0,0.0,0.0,0.0,0.0,0.0,0.0
Taylor,Hendricks,1641707,22500087,2025-10-22T21:00:00Z,Utah,Jazz,LA,Clippers,,,,,1,1,18.42,13.0,0.0,1.0,1.0,6.0,4.0,0.667,3.0,2.0,0.667,4.0,3.0,0.75,4.0,2.0,6.0,1.0,2.0,4.0
Keyonte,George,1641718,22500087,2025-10-22T21:00:00Z,Utah,Jazz,LA,Clippers,,,,,1,1,29.55,16.0,9.0,0.0,2.0,12.0,6.0,0.5,7.0,1.0,0.143,4.0,3.0,0.75,2.0,0.0,2.0,1.0,3.0,18.0
Brice,Sensabaugh,1641729,22500087,2025-10-22T21:00:00Z,Utah,Jazz,LA,Clippers,,,,,1,1,22.41,20.0,2.0,0.0,1.0,13.0,7.0,0.538,7.0,3.0,0.429,3.0,3.0,1.0,4.0,0.0,4.0,5.0,1.0,8.0
Kobe,Brown,1641738,22500087,2025-10-22T21:00:00Z,LA,Clippers,Utah,Jazz,,,,,0,0,3.51,2.0,2.0,0.0,0.0,0.0,0.0,0.0,0.0,0.0,0.0,2.0,2.0,1.0,0.0,1.0,1.0,0.0,0.0,6.0
Elijah,Harkless,1641989,22500087,2025-10-22T21:00:00Z,Utah,Jazz,LA,Clippers,,,,,1,1,,0.0,0.0,0.0,0.0,0.0,0.0,0.0,0.0,0.0,0.0,0.0,0.0,0.0,0.0,0.0,0.0,0.0,0.0,0.0
Cody,Williams,1642262,22500087,2025-10-22T21:00:00Z,Utah,Jazz,LA,Clippers,,,,,1,1,2.24,0.0,0.0,0.0,0.0,0.0,0.0,0.0,0.0,0.0,0.0,0.0,0.0,0.0,0.0,0.0,0.0,0.0,0.0,-1.0
Kyle,Filipowski,1642271,22500087,2025-10-22T21:00:00Z,Utah,Jazz,LA,Clippers,,,,,1,1,24.32,9.0,5.0,1.0,0.0,10.0,4.0,0.4,6.0,1.0,0.167,0.0,0.0,0.0,2.0,2.0,4.0,5.0,0.0,7.0
Cam,Christie,1642353,22500087,2025-10-22T21:00:00Z,LA,Clippers,Utah,Jazz,,,,,0,0,8.11,5.0,1.0,0.0,0.0,4.0,1.0,0.25,2.0,1.0,0.5,2.0,2.0,1.0,1.0,1.0,2.0,0.0,0.0,11.0
Walter,Clayton Jr.,1642383,22500087,2025-10-22T21:00:00Z,Utah,Jazz,LA,Clippers,,,,,1,1,18.05,10.0,5.0,0.0,2.0,8.0,4.0,0.5,3.0,1.0,0.333,1.0,1.0,1.0,3.0,3.0,6.0,2.0,2.0,3.0
Ace,Bailey,1642846,22500087,2025-10-22T21:00:00Z,Utah,Jazz,LA,Clippers,,,,,1,1,20.1,2.0,2.0,0.0,0.0,5.0,1.0,0.2,2.0,0.0,0.0,0.0,0.0,0.0,3.0,1.0,4.0,1.0,1.0,5.0
Kobe,Sanders,1642920,22500087,2025-10-22T21:00:00Z,LA,Clippers,Utah,Jazz,,,,,0,0,3.51,0.0,1.0,0.0,1.0,1.0,0.0,0.0,0.0,0.0,0.0,0.0,0.0,0.0,1.0,0.0,1.0,0.0,0.0,6.0
Yanic Konan,Niederhauser,1642949,22500087,2025-10-22T21:00:00Z,LA,Clippers,Utah,Jazz,,,,,0,0,3.51,4.0,0.0,0.0,0.0,1.0,1.0,1.0,0.0,0.0,0.0,4.0,2.0,0.5,0.0,1.0,1.0,0.0,0.0,6.0
Kevin,Love,201567,22500087,2025-10-22T21:00:00Z,Utah,Jazz,LA,Clippers,,,,,1,1,,0.0,0.0,0.0,0.0,0.0,0.0,0.0,0.0,0.0,0.0,0.0,0.0,0.0,0.0,0.0,0.0,0.0,0.0,0.0
Brook,Lopez,201572,22500087,2025-10-22T21:00:00Z,LA,Clippers,Utah,Jazz,,,,,0,0,16.58,15.0,0.0,0.0,1.0,12.0,5.0,0.417,11.0,5.0,0.455,0.0,0.0,0.0,2.0,1.0,3.0,3.0,2.0,-6.0
Nicolas,Batum,201587,22500087,2025-10-22T21:00:00Z,LA,Clippers,Utah,Jazz,,,,,0,0,14.59,3.0,1.0,1.0,1.0,4.0,1.0,0.25,4.0,1.0,0.25,0.0,0.0,0.0,2.0,0.0,2.0,4.0,0.0,-14.0
James,Harden,201935,22500087,2025-10-22T21:00:00Z,LA,Clippers,Utah,Jazz,,,,,0,0,29.11,15.0,11.0,0.0,0.0,12.0,5.0,0.417,9.0,2.0,0.222,4.0,3.0,0.75,2.0,0.0,2.0,1.0,2.0,-21.0
Kawhi,Leonard,202695,22500087,2025-10-22T21:00:00Z,LA,Clippers,Utah,Jazz,,,,,0,0,29.06,10.0,2.0,1.0,1.0,9.0,3.0,0.333,5.0,1.0,0.2,3.0,3.0,1.0,3.0,1.0,4.0,2.0,2.0,-25.0
Bradley,Beal,203078,22500087,2025-10-22T21:00:00Z,LA,Clippers,Utah,Jazz,,,,,0,0,20.13,5.0,0.0,0.0,1.0,5.0,2.0,0.4,4.0,1.0,0.25,0.0,0.0,0.0,1.0,0.0,1.0,4.0,1.0,-9.0
Kyle,Anderson,203937,22500087,2025-10-22T21:00:00Z,Utah,Jazz,LA,Clippers,,,,,1,1,,0.0,0.0,0.0,0.0,0.0,0.0,0.0,0.0,0.0,0.0,0.0,0.0,0.0,0.0,0.0,0.0,0.0,0.0,0.0
Bogdan,Bogdanovic,203992,22500087,2025-10-22T21:00:00Z,LA,Clippers,Utah,Jazz,,,,,0,0,,0.0,0.0,0.0,0.0,0.0,0.0,0.0,0.0,0.0,0.0,0.0,0.0,0.0,0.0,0.0,0.0,0.0,0.0,0.0
Jusuf,Nurkic,203994,22500087,2025-10-22T21:00:00Z,Utah,Jazz,LA,Clippers,,,,,1,1,16.56,8.0,3.0,0.0,2.0,9.0,4.0,0.444,3.0,0.0,0.0,0.0,0.0,0.0,3.0,1.0,4.0,1.0,1.0,9.0
Myles,Turner,1626167,22500086,2025-10-22T20:00:00Z,Milwaukee,Bucks,Washington,Wizards,,,,,1,1,29.03,11.0,5.0,3.0,0.0,12.0,4.0,0.333,8.0,2.0,0.25,2.0,1.0,0.5,7.0,1.0,8.0,3.0,1.0,9.0
Bobby,Portis,1626171,22500086,2025-10-22T20:00:00Z,Milwaukee,Bucks,Washington,Wizards,,,,,1,1,17.15,2.0,1.0,0.0,0.0,6.0,1.0,0.167,0.0,0.0,0.0,0.0,0.0,0.0,5.0,1.0,6.0,0.0,0.0,6.0
Caris,LeVert,1627747,22500084,2025-10-22T20:00:00Z,Detroit,Pistons,Chicago,Bulls,,,,,0,0,21.27,8.0,2.0,0.0,1.0,7.0,3.0,0.429,3.0,1.0,0.333,2.0,1.0,0.5,1.0,0.0,1.0,1.0,1.0,-7.0
Taurean,Prince,1627752,22500086,2025-10-22T20:00:00Z,Milwaukee,Bucks,Washington,Wizards,,,,,1,1,21.57,11.0,2.0,0.0,1.0,5.0,4.0,0.8,4.0,3.0,0.75,0.0,0.0,0.0,1.0,0.0,1.0,2.0,0.0,12.0
Kyle,Kuzma,1628398,22500086,2025-10-22T20:00:00Z,Milwaukee,Bucks,Washington,Wizards,,,,,1,1,23.18,12.0,3.0,2.0,2.0,10.0,5.0,0.5,2.0,0.0,0.0,2.0,2.0,1.0,4.0,0.0,4.0,1.0,1.0,7.0
Marvin,Bagley III,1628963,22500086,2025-10-22T20:00:00Z,Washington,Wizards,Milwaukee,Bucks,,,,,0,0,14.57,1.0,1.0,0.0,1.0,0.0,0.0,0.0,0.0,0.0,0.0,2.0,1.0,0.5,2.0,1.0,3.0,2.0,1.0,-11.0
Jevon,Carter,1628975,22500084,2025-10-22T20:00:00Z,Chicago,Bulls,Detroit,Pistons,,,,,1,1,,0.0,0.0,0.0,0.0,0.0,0.0,0.0,0.0,0.0,0.0,0.0,0.0,0.0,0.0,0.0,0.0,0.0,0.0,0.0
Kevin,Huerter,1628989,22500084,2025-10-22T20:00:00Z,Chicago,Bulls,Detroit,Pistons,,,,,1,1,27.14,15.0,0.0,2.0,1.0,11.0,4.0,0.364,6.0,2.0,0.333,6.0,5.0,0.833,4.0,1.0,5.0,2.0,1.0,9.0
Jaren,Jackson Jr.,1628991,22500085,2025-10-22T20:00:00Z,Memphis,Grizzlies,New Orleans,Pelicans,,,,,1,1,26.37,18.0,1.0,6.0,0.0,14.0,7.0,0.5,4.0,0.0,0.0,4.0,4.0,1.0,6.0,2.0,8.0,6.0,5.0,5.0
Gary,Trent Jr.,1629018,22500086,2025-10-22T20:00:00Z,Milwaukee,Bucks,Washington,Wizards,,,,,1,1,24.21,17.0,2.0,0.0,2.0,12.0,6.0,0.5,11.0,5.0,0.455,0.0,0.0,0.0,4.0,0.0,4.0,1.0,1.0,3.0
Jock,Landale,1629111,22500085,2025-10-22T20:00:00Z,Memphis,Grizzlies,New Orleans,Pelicans,,,,,1,1,25.21,10.0,0.0,2.0,0.0,7.0,3.0,0.429,3.0,1.0,0.333,4.0,3.0,0.75,2.0,2.0,4.0,6.0,1.0,-4.0
Duncan,Robinson,1629130,22500084,2025-10-22T20:00:00Z,Detroit,Pistons,Chicago,Bulls,,,,,0,0,32.22,2.0,0.0,0.0,0.0,7.0,1.0,0.143,5.0,0.0,0.0,0.0,0.0,0.0,0.0,0.0,0.0,3.0,1.0,-7.0
Amir,Coffey,1629599,22500086,2025-10-22T20:00:00Z,Milwaukee,Bucks,Washington,Wizards,,,,,1,1,12.31,2.0,2.0,0.0,0.0,1.0,1.0,1.0,0.0,0.0,0.0,0.0,0.0,0.0,0.0,0.0,0.0,0.0,0.0,-5.0
Zion,Williamson,1629627,22500085,2025-10-22T20:00:00Z,New Orleans,Pelicans,Memphis,Grizzlies,,,,,0,0,33.28,27.0,5.0,0.0,5.0,21.0,10.0,0.476,0.0,0.0,0.0,12.0,7.0,0.583,4.0,5.0,9.0,2.0,3.0,0.0
Ja,Morant,1629630,22500085,2025-10-22T20:00:00Z,Memphis,Grizzlies,New Orleans,Pelicans,,,,,1,1,28.41,35.0,3.0,0.0,1.0,20.0,13.0,0.65,6.0,2.0,0.333,8.0,7.0,0.875,3.0,0.0,3.0,2.0,2.0,0.0
Kevin,Porter Jr.,1629645,22500086,2025-10-22T20:00:00Z,Milwaukee,Bucks,Washington,Wizards,,,,,1,1,9.25,10.0,2.0,0.0,1.0,5.0,3.0,0.6,3.0,2.0,0.667,2.0,2.0,1.0,0.0,0.0,0.0,0.0,0.0,15.0
Jordan,Poole,1629673,22500085,2025-10-22T20:00:00Z,New Orleans,Pelicans,Memphis,Grizzlies,,,,,0,0,31.13,17.0,2.0,0.0,0.0,14.0,6.0,0.429,7.0,3.0,0.429,2.0,2.0,1.0,0.0,0.0,0.0,3.0,0.0,1.0
John,Konchar,1629723,22500085,2025-10-22T20:00:00Z,Memphis,Grizzlies,New Orleans,Pelicans,,,,,1,1,7.38,0.0,1.0,0.0,0.0,0.0,0.0,0.0,0.0,0.0,0.0,0.0,0.0,0.0,3.0,0.0,3.0,0.0,1.0,-5.0
Javonte,Green,1629750,22500084,2025-10-22T20:00:00Z,Detroit,Pistons,Chicago,Bulls,,,,,0,0,9.31,0.0,0.0,1.0,1.0,2.0,0.0,0.0,0.0,0.0,0.0,0.0,0.0,0.0,0.0,0.0,0.0,0.0,0.0,4.0
Isaac,Okoro,1630171,22500084,2025-10-22T20:00:00Z,Chicago,Bulls,Detroit,Pistons,,,,,1,1,22.31,0.0,4.0,0.0,0.0,2.0,0.0,0.0,0.0,0.0,0.0,0.0,0.0,0.0,4.0,1.0,5.0,5.0,2.0,17.0
Patrick,Williams,1630172,22500084,2025-10-22T20:00:00Z,Chicago,Bulls,Detroit,Pistons,,,,,1,1,17.0,4.0,0.0,2.0,1.0,2.0,1.0,0.5,2.0,1.0,0.5,2.0,1.0,0.5,4.0,0.0,4.0,1.0,2.0,1.0
Cole,Anthony,1630175,22500086,2025-10-22T20:00:00Z,Milwaukee,Bucks,Washington,Wizards,,,,,1,1,11.57,9.0,5.0,1.0,0.0,5.0,4.0,0.8,2.0,1.0,0.5,0.0,0.0,0.0,2.0,0.0,2.0,5.0,1.0,8.0
Saddiq,Bey,1630180,22500085,2025-10-22T20:00:00Z,New Orleans,Pelicans,Memphis,Grizzlies,,,,,0,0,29.35,13.0,3.0,0.0,1.0,12.0,5.0,0.417,5.0,1.0,0.2,4.0,2.0,0.5,3.0,3.0,6.0,2.0,0.0,-13.0
Jalen,Smith,1630188,22500084,2025-10-22T20:00:00Z,Chicago,Bulls,Detroit,Pistons,,,,,1,1,13.38,2.0,1.0,0.0,0.0,7.0,0.0,0.0,5.0,0.0,0.0,2.0,2.0,1.0,4.0,1.0,5.0,1.0,0.0,-2.0
Isaiah,Stewart,1630191,22500084,2025-10-22T20:00:00Z,Detroit,Pistons,Chicago,Bulls,,,,,0,0,24.54,20.0,2.0,4.0,0.0,14.0,8.0,0.571,2.0,2.0,1.0,2.0,2.0,1.0,5.0,5.0,10.0,3.0,0.0,8.0
Paul,Reed,1630194,22500084,2025-10-22T20:00:00Z,Detroit,Pistons,Chicago,Bulls,,,,,0,0,3.21,3.0,0.0,1.0,0.0,1.0,1.0,1.0,1.0,1.0,1.0,0.0,0.0,0.0,0.0,0.0,0.0,2.0,1.0,-3.0
Tre,Jones,1630200,22500084,2025-10-22T20:00:00Z,Chicago,Bulls,Detroit,Pistons,,,,,1,1,31.38,12.0,8.0,0.0,3.0,8.0,5.0,0.625,1.0,1.0,1.0,2.0,1.0,0.5,1.0,0.0,1.0,3.0,2.0,6.0
Ayo,Dosunmu,1630245,22500084,2025-10-22T20:00:00Z,Chicago,Bulls,Detroit,Pistons,,,,,1,1,26.3,14.0,2.0,0.0,0.0,14.0,6.0,0.429,5.0,2.0,0.4,0.0,0.0,0.0,3.0,2.0,5.0,1.0,0.0,-5.0
Anthony,Gill,1630264,22500086,2025-10-22T20:00:00Z,Washington,Wizards,Milwaukee,Bucks,,,,,0,0,1.42,2.0,0.0,0.0,0.0,1.0,1.0,1.0,0.0,0.0,0.0,0.0,0.0,0.0,0.0,0.0,0.0,1.0,0.0,2.0
Herbert,Jones,1630529,22500085,2025-10-22T20:00:00Z,New Orleans,Pelicans,Memphis,Grizzlies,,,,,0,0,36.1,17.0,3.0,1.0,3.0,14.0,6.0,0.429,5.0,3.0,0.6,2.0,2.0,1.0,6.0,3.0,9.0,6.0,2.0,11.0
Trey,Murphy III,1630530,22500085,2025-10-22T20:00:00Z,New Orleans,Pelicans,Memphis,Grizzlies,,,,,0,0,31.52,13.0,3.0,0.0,0.0,15.0,5.0,0.333,6.0,1.0,0.167,2.0,2.0,1.0,5.0,2.0,7.0,4.0,1.0,-3.0
Jaden,Springer,1630531,22500085,2025-10-22T20:00:00Z,New Orleans,Pelicans,Memphis,Grizzlies,,,,,0,0,,0.0,0.0,0.0,0.0,0.0,0.0,0.0,0.0,0.0,0.0,0.0,0.0,0.0,0.0,0.0,0.0,0.0,0.0,0.0
Sharife,Cooper,1630536,22500086,2025-10-22T20:00:00Z,Washington,Wizards,Milwaukee,Bucks,,,,,0,0,1.42,0.0,0.0,0.0,0.0,0.0,0.0,0.0,0.0,0.0,0.0,0.0,0.0,0.0,0.0,0.0,0.0,0.0,1.0,2.0
Justin,Champagnie,1630551,22500086,2025-10-22T20:00:00Z,Washington,Wizards,Milwaukee,Bucks,,,,,0,0,5.49,0.0,1.0,0.0,0.0,3.0,0.0,0.0,1.0,0.0,0.0,0.0,0.0,0.0,0.0,3.0,3.0,1.0,0.0,2.0
Corey,Kispert,1630557,22500086,2025-10-22T20:00:00Z,Washington,Wizards,Milwaukee,Bucks,,,,,0,0,18.02,11.0,1.0,1.0,0.0,8.0,4.0,0.5,7.0,3.0,0.429,0.0,0.0,0.0,1.0,0.0,1.0,0.0,1.0,-1.0
Jericho,Sims,1630579,22500086,2025-10-22T20:00:00Z,Milwaukee,Bucks,Washington,Wizards,,,,,1,1,1.42,2.0,0.0,0.0,0.0,0.0,0.0,0.0,0.0,0.0,0.0,2.0,2.0,1.0,0.0,0.0,0.0,0.0,0.0,-2.0
Josh,Giddey,1630581,22500084,2025-10-22T20:00:00Z,Chicago,Bulls,Detroit,Pistons,,,,,1,1,28.48,19.0,11.0,1.0,0.0,12.0,5.0,0.417,2.0,1.0,0.5,11.0,8.0,0.727,4.0,1.0,5.0,5.0,6.0,6.0
Santi,Aldama,1630583,22500085,2025-10-22T20:00:00Z,Memphis,Grizzlies,New Orleans,Pelicans,,,,,1,1,24.13,5.0,2.0,2.0,1.0,7.0,2.0,0.286,3.0,0.0,0.0,3.0,1.0,0.333,5.0,1.0,6.0,5.0,2.0,9.0
Cade,Cunningham,1630595,22500084,2025-10-22T20:00:00Z,Detroit,Pistons,Chicago,Bulls,,,,,0,0,34.16,23.0,10.0,0.0,1.0,24.0,8.0,0.333,6.0,1.0,0.167,10.0,6.0,0.6,5.0,2.0,7.0,6.0,3.0,-6.0
Hunter,Dickinson,1630621,22500085,2025-10-22T20:00:00Z,New Orleans,Pelicans,Memphis,Grizzlies,,,,,0,0,4.43,2.0,0.0,1.0,0.0,2.0,1.0,0.5,0.0,0.0,0.0,0.0,0.0,0.0,0.0,0.0,0.0,2.0,2.0,-12.0
Jose,Alvarado,1630631,22500085,2025-10-22T20:00:00Z,New Orleans,Pelicans,Memphis,Grizzlies,,,,,0,0,,0.0,0.0,0.0,0.0,0.0,0.0,0.0,0.0,0.0,0.0,0.0,0.0,0.0,0.0,0.0,0.0,0.0,0.0,0.0
Jalen,Duren,1631105,22500084,2025-10-22T20:00:00Z,Detroit,Pistons,Chicago,Bulls,,,,,0,0,19.45,15.0,1.0,2.0,1.0,12.0,7.0,0.583,0.0,0.0,0.0,2.0,1.0,0.5,2.0,4.0,6.0,4.0,1.0,-9.0
Ryan,Rollins,1631157,22500086,2025-10-22T20:00:00Z,Milwaukee,Bucks,Washington,Wizards,,,,,1,1,29.29,9.0,3.0,0.0,2.0,9.0,2.0,0.222,6.0,1.0,0.167,4.0,4.0,1.0,2.0,2.0,4.0,3.0,2.0,-1.0
Dalen,Terry,1631207,22500084,2025-10-22T20:00:00Z,Chicago,Bulls,Detroit,Pistons,,,,,1,1,6.2,0.0,0.0,0.0,0.0,1.0,0.0,0.0,0.0,0.0,0.0,0.0,0.0,0.0,0.0,0.0,0.0,0.0,0.0,-10.0
AJ,Green,1631260,22500086,2025-10-22T20:00:00Z,Milwaukee,Bucks,Washington,Wizards,,,,,1,1,27.12,11.0,1.0,0.0,0.0,6.0,4.0,0.667,5.0,3.0,0.6,0.0,0.0,0.0,3.0,0.0,3.0,3.0,0.0,9.0
Ausar,Thompson,1641709,22500084,2025-10-22T20:00:00Z,Detroit,Pistons,Chicago,Bulls,,,,,0,0,33.02,11.0,7.0,1.0,1.0,8.0,5.0,0.625,0.0,0.0,0.0,3.0,1.0,0.333,9.0,0.0,9.0,3.0,1.0,6.0
GG,Jackson,1641713,22500085,2025-10-22T20:00:00Z,Memphis,Grizzlies,New Orleans,Pelicans,,,,,1,1,,0.0,0.0,0.0,0.0,0.0,0.0,0.0,0.0,0.0,0.0,0.0,0.0,0.0,0.0,0.0,0.0,0.0,0.0,0.0
Cam,Whitmore,1641715,22500086,2025-10-22T20:00:00Z,Washington,Wizards,Milwaukee,Bucks,,,,,0,0,19.27,14.0,1.0,0.0,0.0,12.0,6.0,0.5,5.0,1.0,0.2,1.0,1.0,1.0,3.0,2.0,5.0,1.0,0.0,-1.0
Jordan,Hawkins,1641722,22500085,2025-10-22T20:00:00Z,New Orleans,Pelicans,Memphis,Grizzlies,,,,,0,0,17.01,8.0,1.0,0.0,0.0,2.0,2.0,1.0,2.0,2.0,1.0,2.0,2.0,1.0,4.0,0.0,4.0,1.0,1.0,-7.0
Colby,Jones,1641732,22500084,2025-10-22T20:00:00Z,Detroit,Pistons,Chicago,Bulls,,,,,0,0,,0.0,0.0,0.0,0.0,0.0,0.0,0.0,0.0,0.0,0.0,0.0,0.0,0.0,0.0,0.0,0.0,0.0,0.0,0.0
Andre,Jackson Jr.,1641748,22500086,2025-10-22T20:00:00Z,Milwaukee,Bucks,Washington,Wizards,,,,,1,1,1.42,0.0,0.0,0.0,0.0,0.0,0.0,0.0,0.0,0.0,0.0,0.0,0.0,0.0,0.0,0.0,0.0,0.0,0.0,-2.0
Bobi,Klintman,1641752,22500084,2025-10-22T20:00:00Z,Detroit,Pistons,Chicago,Bulls,,,,,0,0,,0.0,0.0,0.0,0.0,0.0,0.0,0.0,0.0,0.0,0.0,0.0,0.0,0.0,0.0,0.0,0.0,0.0,0.0,0.0
Julian,Phillips,1641763,22500084,2025-10-22T20:00:00Z,Chicago,Bulls,Detroit,Pistons,,,,,1,1,,0.0,0.0,0.0,0.0,0.0,0.0,0.0,0.0,0.0,0.0,0.0,0.0,0.0,0.0,0.0,0.0,0.0,0.0,0.0
Olivier-Maxence,Prosper,1641765,22500085,2025-10-22T20:00:00Z,Memphis,Grizzlies,New Orleans,Pelicans,,,,,1,1,15.29,10.0,0.0,0.0,0.0,5.0,3.0,0.6,1.0,0.0,0.0,4.0,4.0,1.0,4.0,1.0,5.0,2.0,0.0,-10.0
Tristan,Vukcevic,1641774,22500086,2025-10-22T20:00:00Z,Washington,Wizards,Milwaukee,Bucks,,,,,0,0,1.42,0.0,0.0,0.0,0.0,0.0,0.0,0.0,0.0,0.0,0.0,0.0,0.0,0.0,0.0,0.0,0.0,0.0,0.0,2.0
PJ,Hall,1641790,22500085,2025-10-22T20:00:00Z,Memphis,Grizzlies,New Orleans,Pelicans,,,,,1,1,,0.0,0.0,0.0,0.0,0.0,0.0,0.0,0.0,0.0,0.0,0.0,0.0,0.0,0.0,0.0,0.0,0.0,0.0,0.0
Matas,Buzelis,1641824,22500084,2025-10-22T20:00:00Z,Chicago,Bulls,Detroit,Pistons,,,,,1,1,33.46,21.0,1.0,3.0,0.0,12.0,7.0,0.583,3.0,0.0,0.0,7.0,7.0,1.0,4.0,2.0,6.0,3.0,3.0,-10.0
Ronald,Holland II,1641842,22500084,2025-10-22T20:00:00Z,Detroit,Pistons,Chicago,Bulls,,,,,0,0,26.58,19.0,3.0,1.0,2.0,10.0,6.0,0.6,4.0,1.0,0.25,6.0,6.0,1.0,4.0,0.0,4.0,5.0,2.0,2.0
Alex,Sarr,1642259,22500086,2025-10-22T20:00:00Z,Washington,Wizards,Milwaukee,Bucks,,,,,0,0,25.32,10.0,3.0,0.0,0.0,10.0,5.0,0.5,0.0,0.0,0.0,2.0,0.0,0.0,10.0,1.0,11.0,1.0,1.0,-6.0
Bub,Carrington,1642267,22500086,2025-10-22T20:00:00Z,Washington,Wizards,Milwaukee,Bucks,,,,,0,0,29.01,11.0,2.0,0.0,1.0,9.0,4.0,0.444,4.0,3.0,0.75,0.0,0.0,0.0,5.0,0.0,5.0,3.0,1.0,-14.0
Kyshawn,George,1642273,22500086,2025-10-22T20:00:00Z,Washington,Wizards,Milwaukee,Bucks,,,,,0,0,32.05,21.0,4.0,2.0,1.0,15.0,7.0,0.467,6.0,3.0,0.5,8.0,4.0,0.5,8.0,1.0,9.0,4.0,2.0,0.0
Yves,Missi,1642274,22500085,2025-10-22T20:00:00Z,New Orleans,Pelicans,Memphis,Grizzlies,,,,,0,0,23.09,5.0,1.0,1.0,1.0,4.0,2.0,0.5,0.0,0.0,0.0,2.0,1.0,0.5,4.0,3.0,7.0,5.0,3.0,14.0
Cam,Spencer,1642285,22500085,2025-10-22T20:00:00Z,Memphis,Grizzlies,New Orleans,Pelicans,,,,,1,1,12.14,7.0,2.0,0.0,0.0,4.0,2.0,0.5,3.0,2.0,0.667,2.0,1.0,0.5,0.0,0.0,0.0,0.0,0.0,-4.0
AJ,Johnson,1642358,22500086,2025-10-22T20:00:00Z,Washington,Wizards,Milwaukee,Bucks,,,,,0,0,1.42,0.0,1.0,0.0,0.0,0.0,0.0,0.0,0.0,0.0,0.0,0.0,0.0,0.0,1.0,0.0,1.0,0.0,0.0,2.0
Jaylen,Wells,1642377,22500085,2025-10-22T20:00:00Z,Memphis,Grizzlies,New Orleans,Pelicans,,,,,1,1,27.32,14.0,4.0,0.0,1.0,8.0,4.0,0.5,8.0,4.0,0.5,5.0,2.0,0.4,3.0,0.0,3.0,3.0,2.0,11.0
Chaz,Lanier,1642404,22500084,2025-10-22T20:00:00Z,Detroit,Pistons,Chicago,Bulls,,,,,0,0,,0.0,0.0,0.0,0.0,0.0,0.0,0.0,0.0,0.0,0.0,0.0,0.0,0.0,0.0,0.0,0.0,0.0,0.0,0.0
Tolu,Smith,1642449,22500084,2025-10-22T20:00:00Z,Detroit,Pistons,Chicago,Bulls,,,,,0,0,,0.0,0.0,0.0,0.0,0.0,0.0,0.0,0.0,0.0,0.0,0.0,0.0,0.0,0.0,0.0,0.0,0.0,0.0,0.0
Daniss,Jenkins,1642450,22500084,2025-10-22T20:00:00Z,Detroit,Pistons,Chicago,Bulls,,,,,0,0,,0.0,0.0,0.0,0.0,0.0,0.0,0.0,0.0,0.0,0.0,0.0,0.0,0.0,0.0,0.0,0.0,0.0,0.0,0.0
Jeremiah,Fears,1642847,22500085,2025-10-22T20:00:00Z,New Orleans,Pelicans,Memphis,Grizzlies,,,,,0,0,18.19,17.0,2.0,0.0,0.0,10.0,7.0,0.7,1.0,0.0,0.0,3.0,3.0,1.0,0.0,0.0,0.0,2.0,2.0,-10.0
Tre,Johnson,1642848,22500086,2025-10-22T20:00:00Z,Washington,Wizards,Milwaukee,Bucks,,,,,0,0,26.14,16.0,2.0,1.0,1.0,11.0,5.0,0.455,8.0,4.0,0.5,2.0,2.0,1.0,3.0,2.0,5.0,1.0,4.0,-8.0
Derik,Queen,1642852,22500085,2025-10-22T20:00:00Z,New Orleans,Pelicans,Memphis,Grizzlies,,,,,0,0,14.3,3.0,0.0,1.0,0.0,4.0,1.0,0.25,1.0,0.0,0.0,2.0,1.0,0.5,4.0,1.0,5.0,3.0,0.0,-11.0
Noa,Essengue,1642855,22500084,2025-10-22T20:00:00Z,Chicago,Bulls,Detroit,Pistons,,,,,1,1,,0.0,0.0,0.0,0.0,0.0,0.0,0.0,0.0,0.0,0.0,0.0,0.0,0.0,0.0,0.0,0.0,0.0,0.0,0.0
Will,Riley,1642860,22500086,2025-10-22T20:00:00Z,Washington,Wizards,Milwaukee,Bucks,,,,,0,0,4.28,2.0,1.0,0.0,1.0,1.0,1.0,1.0,0.0,0.0,0.0,0.0,0.0,0.0,1.0,0.0,1.0,0.0,0.0,0.0
Micah,Peavy,1642877,22500085,2025-10-22T20:00:00Z,New Orleans,Pelicans,Memphis,Grizzlies,,,,,0,0,,0.0,0.0,0.0,0.0,0.0,0.0,0.0,0.0,0.0,0.0,0.0,0.0,0.0,0.0,0.0,0.0,0.0,0.0,0.0
Cedric,Coward,1642907,22500085,2025-10-22T20:00:00Z,Memphis,Grizzlies,New Orleans,Pelicans,,,,,1,1,22.13,14.0,1.0,1.0,2.0,5.0,5.0,1.0,0.0,0.0,0.0,4.0,4.0,1.0,3.0,0.0,3.0,2.0,0.0,24.0
Javon,Small,1642914,22500085,2025-10-22T20:00:00Z,Memphis,Grizzlies,New Orleans,Pelicans,,,,,1,1,19.19,0.0,3.0,1.0,0.0,2.0,0.0,0.0,2.0,0.0,0.0,0.0,0.0,0.0,0.0,0.0,0.0,0.0,1.0,6.0
Nikola,Vucevic,202696,22500084,2025-10-22T20:00:00Z,Chicago,Bulls,Detroit,Pistons,,,,,1,1,32.35,28.0,2.0,0.0,1.0,18.0,11.0,0.611,6.0,4.0,0.667,2.0,2.0,1.0,10.0,4.0,14.0,2.0,1.0,8.0
Tobias,Harris,202699,22500084,2025-10-22T20:00:00Z,Detroit,Pistons,Chicago,Bulls,,,,,0,0,34.24,10.0,4.0,0.0,1.0,12.0,4.0,0.333,3.0,1.0,0.333,1.0,1.0,1.0,7.0,2.0,9.0,2.0,0.0,-8.0
Khris,Middleton,203114,22500086,2025-10-22T20:00:00Z,Washington,Wizards,Milwaukee,Bucks,,,,,0,0,28.31,23.0,3.0,0.0,0.0,14.0,9.0,0.643,5.0,3.0,0.6,3.0,2.0,0.667,5.0,1.0,6.0,4.0,2.0,-15.0
CJ,McCollum,203468,22500086,2025-10-22T20:00:00Z,Washington,Wizards,Milwaukee,Bucks,,,,,0,0,29.06,9.0,3.0,0.0,0.0,14.0,4.0,0.286,6.0,0.0,0.0,1.0,1.0,1.0,4.0,2.0,6.0,1.0,0.0,-19.0
Kentavious,Caldwell-Pope,203484,22500085,2025-10-22T20:00:00Z,Memphis,Grizzlies,New Orleans,Pelicans,,,,,1,1,30.43,15.0,3.0,0.0,0.0,8.0,2.0,0.25,7.0,2.0,0.286,9.0,9.0,1.0,4.0,0.0,4.0,3.0,3.0,-2.0
Giannis,Antetokounmpo,203507,22500086,2025-10-22T20:00:00Z,Milwaukee,Bucks,Washington,Wizards,,,,,1,1,26.45,37.0,5.0,0.0,0.0,26.0,16.0,0.615,3.0,1.0,0.333,7.0,4.0,0.571,12.0,2.0,14.0,4.0,2.0,10.0
Thanasis,Antetokounmpo,203648,22500086,2025-10-22T20:00:00Z,Milwaukee,Bucks,Washington,Wizards,,,,,1,1,1.42,0.0,0.0,0.0,0.0,1.0,0.0,0.0,0.0,0.0,0.0,0.0,0.0,0.0,0.0,0.0,0.0,0.0,0.0,-2.0
Gary,Harris,203914,22500086,2025-10-22T20:00:00Z,Milwaukee,Bucks,Washington,Wizards,,,,,1,1,1.42,0.0,0.0,0.0,0.0,0.0,0.0,0.0,0.0,0.0,0.0,0.0,0.0,0.0,0.0,0.0,0.0,0.0,0.0,-2.0
Kelly,Oubre Jr.,1626162,22500083,2025-10-22T19:30:00Z,Philadelphia,76ers,Boston,Celtics,,,,,1,0,33.33,10.0,1.0,1.0,0.0,6.0,2.0,0.333,6.0,2.0,0.333,4.0,4.0,1.0,4.0,0.0,4.0,1.0,2.0,-8.0
Brandon,Ingram,1627742,22500082,2025-10-22T19:30:00Z,Toronto,Raptors,Atlanta,Hawks,,,,,1,0,26.52,16.0,3.0,0.0,2.0,16.0,7.0,0.438,2.0,0.0,0.0,3.0,2.0,0.667,7.0,2.0,9.0,3.0,5.0,14.0
Jakob,Poeltl,1627751,22500082,2025-10-22T19:30:00Z,Toronto,Raptors,Atlanta,Hawks,,,,,1,0,22.22,14.0,2.0,1.0,0.0,8.0,7.0,0.875,0.0,0.0,0.0,1.0,0.0,0.0,3.0,3.0,6.0,6.0,2.0,-3.0
Jaylen,Brown,1627759,22500083,2025-10-22T19:30:00Z,Boston,Celtics,Philadelphia,76ers,,,,,0,1,36.14,25.0,4.0,0.0,0.0,18.0,9.0,0.5,4.0,2.0,0.5,6.0,5.0,0.833,6.0,0.0,6.0,4.0,2.0,0.0
Luke,Kennard,1628379,22500082,2025-10-22T19:30:00Z,Atlanta,Hawks,Toronto,Raptors,,,,,0,1,30.27,6.0,3.0,0.0,1.0,7.0,2.0,0.286,5.0,1.0,0.2,1.0,1.0,1.0,4.0,0.0,4.0,3.0,3.0,-16.0
Derrick,White,1628401,22500083,2025-10-22T19:30:00Z,Boston,Celtics,Philadelphia,76ers,,,,,0,1,35.25,25.0,4.0,1.0,1.0,20.0,7.0,0.35,13.0,4.0,0.308,7.0,7.0,1.0,3.0,0.0,3.0,1.0,0.0,-3.0
Chris,Boucher,1628449,22500083,2025-10-22T19:30:00Z,Boston,Celtics,Philadelphia,76ers,,,,,0,1,15.5,6.0,1.0,0.0,1.0,4.0,2.0,0.5,2.0,0.0,0.0,2.0,2.0,1.0,4.0,0.0,4.0,0.0,0.0,-4.0
Anfernee,Simons,1629014,22500083,2025-10-22T19:30:00Z,Boston,Celtics,Philadelphia,76ers,,,,,0,1,32.17,13.0,1.0,1.0,1.0,10.0,5.0,0.5,6.0,2.0,0.333,1.0,1.0,1.0,3.0,1.0,4.0,2.0,0.0,-5.0
Trae,Young,1629027,22500082,2025-10-22T19:30:00Z,Atlanta,Hawks,Toronto,Raptors,,,,,0,1,34.18,22.0,5.0,0.0,1.0,14.0,5.0,0.357,7.0,1.0,0.143,13.0,11.0,0.846,1.0,0.0,1.0,4.0,2.0,-14.0
RJ,Barrett,1629628,22500082,2025-10-22T19:30:00Z,Toronto,Raptors,Atlanta,Hawks,,,,,1,0,29.58,25.0,5.0,0.0,2.0,12.0,9.0,0.75,4.0,2.0,0.5,5.0,5.0,1.0,6.0,2.0,8.0,5.0,4.0,0.0
Nickeil,Alexander-Walker,1629638,22500082,2025-10-22T19:30:00Z,Atlanta,Hawks,Toronto,Raptors,,,,,0,1,28.05,10.0,4.0,1.0,1.0,15.0,2.0,0.133,5.0,1.0,0.2,6.0,5.0,0.833,3.0,1.0,4.0,2.0,1.0,-2.0
Quentin,Grimes,1629656,22500083,2025-10-22T19:30:00Z,Philadelphia,76ers,Boston,Celtics,,,,,1,0,31.38,10.0,5.0,0.0,0.0,8.0,3.0,0.375,5.0,2.0,0.4,4.0,2.0,0.5,5.0,0.0,5.0,3.0,5.0,18.0
Neemias,Queta,1629674,22500083,2025-10-22T19:30:00Z,Boston,Celtics,Philadelphia,76ers,,,,,0,1,25.07,17.0,0.0,0.0,0.0,8.0,7.0,0.875,0.0,0.0,0.0,4.0,3.0,0.75,6.0,2.0,8.0,6.0,2.0,2.0
Onyeka,Okongwu,1630168,22500082,2025-10-22T19:30:00Z,Atlanta,Hawks,Toronto,Raptors,,,,,0,1,29.45,18.0,1.0,0.0,0.0,12.0,8.0,0.667,2.0,1.0,0.5,1.0,1.0,1.0,4.0,2.0,6.0,2.0,0.0,-19.0
Tyrese,Maxey,1630178,22500083,2025-10-22T19:30:00Z,Philadelphia,76ers,Boston,Celtics,,,,,1,0,41.24,40.0,6.0,1.0,2.0,24.0,13.0,0.542,9.0,7.0,0.778,8.0,7.0,0.875,2.0,0.0,2.0,5.0,1.0,3.0
Immanuel,Quickley,1630193,22500082,2025-10-22T19:30:00Z,Toronto,Raptors,Atlanta,Hawks,,,,,1,0,28.42,13.0,8.0,0.0,1.0,12.0,5.0,0.417,7.0,0.0,0.0,4.0,3.0,0.75,4.0,0.0,4.0,3.0,3.0,9.0
Payton,Pritchard,1630202,22500083,2025-10-22T19:30:00Z,Boston,Celtics,Philadelphia,76ers,,,,,0,1,37.09,16.0,2.0,0.0,2.0,14.0,6.0,0.429,7.0,1.0,0.143,4.0,3.0,0.75,3.0,2.0,5.0,3.0,2.0,6.0
Xavier,Tillman,1630214,22500083,2025-10-22T19:30:00Z,Boston,Celtics,Philadelphia,76ers,,,,,0,1,15.39,4.0,1.0,1.0,2.0,8.0,2.0,0.25,3.0,0.0,0.0,0.0,0.0,0.0,4.0,3.0,7.0,4.0,0.0,0.0
Vit,Krejci,1630249,22500082,2025-10-22T19:30:00Z,Atlanta,Hawks,Toronto,Raptors,,,,,0,1,,0.0,0.0,0.0,0.0,0.0,0.0,0.0,0.0,0.0,0.0,0.0,0.0,0.0,0.0,0.0,0.0,0.0,0.0,0.0
Ochai,Agbaji,1630534,22500082,2025-10-22T19:30:00Z,Toronto,Raptors,Atlanta,Hawks,,,,,1,0,19.57,4.0,1.0,0.0,2.0,5.0,2.0,0.4,3.0,0.0,0.0,0.0,0.0,0.0,2.0,1.0,3.0,3.0,0.0,15.0
Jalen,Johnson,1630552,22500082,2025-10-22T19:30:00Z,Atlanta,Hawks,Toronto,Raptors,,,,,0,1,34.49,22.0,8.0,1.0,1.0,13.0,7.0,0.538,2.0,0.0,0.0,10.0,8.0,0.8,7.0,0.0,7.0,1.0,3.0,-15.0
Scottie,Barnes,1630567,22500082,2025-10-22T19:30:00Z,Toronto,Raptors,Atlanta,Hawks,,,,,1,0,31.53,22.0,9.0,2.0,1.0,14.0,9.0,0.643,0.0,0.0,0.0,4.0,4.0,1.0,6.0,0.0,6.0,4.0,1.0,9.0
Luka,Garza,1630568,22500083,2025-10-22T19:30:00Z,Boston,Celtics,Philadelphia,76ers,,,,,0,1,5.44,0.0,0.0,1.0,0.0,2.0,0.0,0.0,2.0,0.0,0.0,0.0,0.0,0.0,1.0,0.0,1.0,1.0,2.0,-3.0
Sandro,Mamukelashvili,1630572,22500082,2025-10-22T19:30:00Z,Toronto,Raptors,Atlanta,Hawks,,,,,1,0,17.09,7.0,3.0,1.0,0.0,6.0,3.0,0.5,1.0,1.0,1.0,0.0,0.0,0.0,4.0,0.0,4.0,4.0,2.0,21.0
Sam,Hauser,1630573,22500083,2025-10-22T19:30:00Z,Boston,Celtics,Philadelphia,76ers,,,,,0,1,22.24,8.0,1.0,0.0,0.0,6.0,2.0,0.333,6.0,2.0,0.333,2.0,2.0,1.0,2.0,0.0,2.0,3.0,3.0,8.0
Dyson,Daniels,1630700,22500082,2025-10-22T19:30:00Z,Atlanta,Hawks,Toronto,Raptors,,,,,0,1,22.44,4.0,2.0,0.0,2.0,4.0,2.0,0.5,1.0,0.0,0.0,0.0,0.0,0.0,2.0,1.0,3.0,5.0,3.0,-3.0
Keaton,Wallace,1630811,22500082,2025-10-22T19:30:00Z,Atlanta,Hawks,Toronto,Raptors,,,,,0,1,8.41,0.0,0.0,0.0,1.0,0.0,0.0,0.0,0.0,0.0,0.0,0.0,0.0,0.0,0.0,0.0,0.0,2.0,1.0,-11.0
Jabari,Walker,1631133,22500083,2025-10-22T19:30:00Z,Philadelphia,76ers,Boston,Celtics,,,,,1,0,18.57,6.0,0.0,0.0,0.0,4.0,3.0,0.75,1.0,0.0,0.0,0.0,0.0,0.0,2.0,2.0,4.0,3.0,0.0,3.0
Josh,Minott,1631169,22500083,2025-10-22T19:30:00Z,Boston,Celtics,Philadelphia,76ers,,,,,0,1,14.11,2.0,2.0,0.0,0.0,1.0,1.0,1.0,0.0,0.0,0.0,0.0,0.0,0.0,0.0,2.0,2.0,4.0,0.0,-6.0
Dominick,Barlow,1631230,22500083,2025-10-22T19:30:00Z,Philadelphia,76ers,Boston,Celtics,,,,,1,0,34.24,13.0,5.0,1.0,0.0,8.0,4.0,0.5,2.0,0.0,0.0,6.0,5.0,0.833,3.0,5.0,8.0,3.0,2.0,1.0
Mouhamed,Gueye,1631243,22500082,2025-10-22T19:30:00Z,Atlanta,Hawks,Toronto,Raptors,,,,,0,1,5.01,0.0,0.0,1.0,0.0,0.0,0.0,0.0,0.0,0.0,0.0,0.0,0.0,0.0,0.0,0.0,0.0,0.0,0.0,5.0
Baylor,Scheierman,1631248,22500083,2025-10-22T19:30:00Z,Boston,Celtics,Philadelphia,76ers,,,,,0,1,,0.0,0.0,0.0,0.0,0.0,0.0,0.0,0.0,0.0,0.0,0.0,0.0,0.0,0.0,0.0,0.0,0.0,0.0,0.0
Gradey,Dick,1641711,22500082,2025-10-22T19:30:00Z,Toronto,Raptors,Atlanta,Hawks,,,,,1,0,23.58,21.0,0.0,0.0,1.0,10.0,6.0,0.6,4.0,2.0,0.5,8.0,7.0,0.875,4.0,1.0,5.0,1.0,0.0,18.0
Adem,Bona,1641737,22500083,2025-10-22T19:30:00Z,Philadelphia,76ers,Boston,Celtics,,,,,1,0,14.45,0.0,1.0,0.0,0.0,0.0,0.0,0.0,0.0,0.0,0.0,0.0,0.0,0.0,2.0,1.0,3.0,3.0,2.0,4.0
Jordan,Walsh,1641775,22500083,2025-10-22T19:30:00Z,Boston,Celtics,Philadelphia,76ers,,,,,0,1,,0.0,0.0,0.0,0.0,0.0,0.0,0.0,0.0,0.0,0.0,0.0,0.0,0.0,0.0,0.0,0.0,0.0,0.0,0.0
Johni,Broome,1641780,22500083,2025-10-22T19:30:00Z,Philadelphia,76ers,Boston,Celtics,,,,,1,0,,0.0,0.0,0.0,0.0,0.0,0.0,0.0,0.0,0.0,0.0,0.0,0.0,0.0,0.0,0.0,0.0,0.0,0.0,0.0
Zaccharie,Risacher,1642258,22500082,2025-10-22T19:30:00Z,Atlanta,Hawks,Toronto,Raptors,,,,,0,1,20.36,16.0,0.0,1.0,0.0,13.0,7.0,0.538,6.0,2.0,0.333,0.0,0.0,0.0,0.0,2.0,2.0,1.0,0.0,-14.0
Jamal,Shead,1642347,22500082,2025-10-22T19:30:00Z,Toronto,Raptors,Atlanta,Hawks,,,,,1,0,19.18,10.0,5.0,0.0,1.0,5.0,3.0,0.6,2.0,1.0,0.5,4.0,3.0,0.75,1.0,1.0,2.0,1.0,2.0,11.0
Justin,Edwards,1642348,22500083,2025-10-22T19:30:00Z,Philadelphia,76ers,Boston,Celtics,,,,,1,0,0.06,0.0,0.0,0.0,0.0,0.0,0.0,0.0,0.0,0.0,0.0,0.0,0.0,0.0,0.0,0.0,0.0,0.0,0.0,0.0
Jonathan,Mogbo,1642367,22500082,2025-10-22T19:30:00Z,Toronto,Raptors,Atlanta,Hawks,,,,,1,0,10.46,4.0,0.0,0.0,0.0,4.0,2.0,0.5,0.0,0.0,0.0,0.0,0.0,0.0,3.0,1.0,4.0,1.0,0.0,2.0
N'Faly,Dante,1642368,22500082,2025-10-22T19:30:00Z,Atlanta,Hawks,Toronto,Raptors,,,,,0,1,,0.0,0.0,0.0,0.0,0.0,0.0,0.0,0.0,0.0,0.0,0.0,0.0,0.0,0.0,0.0,0.0,0.0,0.0,0.0
Jamison,Battle,1642419,22500082,2025-10-22T19:30:00Z,Toronto,Raptors,Atlanta,Hawks,,,,,1,0,9.05,2.0,0.0,0.0,0.0,3.0,1.0,0.333,2.0,0.0,0.0,0.0,0.0,0.0,2.0,1.0,3.0,0.0,0.0,4.0
VJ,Edgecombe,1642845,22500083,2025-10-22T19:30:00Z,Philadelphia,76ers,Boston,Celtics,,,,,1,0,42.12,34.0,3.0,0.0,1.0,26.0,13.0,0.5,13.0,5.0,0.385,6.0,3.0,0.5,6.0,1.0,7.0,1.0,2.0,-2.0
Asa,Newell,1642854,22500082,2025-10-22T19:30:00Z,Atlanta,Hawks,Toronto,Raptors,,,,,0,1,,0.0,0.0,0.0,0.0,0.0,0.0,0.0,0.0,0.0,0.0,0.0,0.0,0.0,0.0,0.0,0.0,0.0,0.0,0.0
Hugo,Gonzalez,1642864,22500083,2025-10-22T19:30:00Z,Boston,Celtics,Philadelphia,76ers,,,,,0,1,,0.0,0.0,0.0,0.0,0.0,0.0,0.0,0.0,0.0,0.0,0.0,0.0,0.0,0.0,0.0,0.0,0.0,0.0,0.0
Max,Shulga,1642917,22500083,2025-10-22T19:30:00Z,Boston,Celtics,Philadelphia,76ers,,,,,0,1,,0.0,0.0,0.0,0.0,0.0,0.0,0.0,0.0,0.0,0.0,0.0,0.0,0.0,0.0,0.0,0.0,0.0,0.0,0.0
Kyle,Lowry,200768,22500083,2025-10-22T19:30:00Z,Philadelphia,76ers,Boston,Celtics,,,,,1,0,,0.0,0.0,0.0,0.0,0.0,0.0,0.0,0.0,0.0,0.0,0.0,0.0,0.0,0.0,0.0,0.0,0.0,0.0,0.0
Eric,Gordon,201569,22500083,2025-10-22T19:30:00Z,Philadelphia,76ers,Boston,Celtics,,,,,1,0,,0.0,0.0,0.0,0.0,0.0,0.0,0.0,0.0,0.0,0.0,0.0,0.0,0.0,0.0,0.0,0.0,0.0,0.0,0.0
Garrett,Temple,202066,22500082,2025-10-22T19:30:00Z,Toronto,Raptors,Atlanta,Hawks,,,,,1,0,,0.0,0.0,0.0,0.0,0.0,0.0,0.0,0.0,0.0,0.0,0.0,0.0,0.0,0.0,0.0,0.0,0.0,0.0,0.0
Andre,Drummond,203083,22500083,2025-10-22T19:30:00Z,Philadelphia,76ers,Boston,Celtics,,,,,1,0,2.43,0.0,0.0,0.0,0.0,0.0,0.0,0.0,0.0,0.0,0.0,0.0,0.0,0.0,1.0,0.0,1.0,2.0,0.0,2.0
Joel,Embiid,203954,22500083,2025-10-22T19:30:00Z,Philadelphia,76ers,Boston,Celtics,,,,,1,0,20.18,4.0,2.0,1.0,0.0,9.0,1.0,0.111,4.0,0.0,0.0,2.0,2.0,1.0,5.0,1.0,6.0,2.0,0.0,-16.0
Kristaps,Porzingis,204001,22500082,2025-10-22T19:30:00Z,Atlanta,Hawks,Toronto,Raptors,,,,,0,1,25.34,20.0,2.0,2.0,0.0,12.0,5.0,0.417,7.0,4.0,0.571,6.0,6.0,1.0,5.0,2.0,7.0,4.0,2.0,-11.0
Tyus,Jones,1626145,22500081,2025-10-22T19:00:00Z,Orlando,Magic,Miami,Heat,,,,,1,1,23.3,0.0,3.0,1.0,0.0,4.0,0.0,0.0,3.0,0.0,0.0,0.0,0.0,0.0,1.0,1.0,2.0,0.0,2.0,-17.0
Karl-Anthony,Towns,1626157,22500003,2025-10-22T19:00:00Z,New York,Knicks,Cleveland,Cavaliers,,,,,1,1,30.6,19.0,2.0,0.0,0.0,12.0,5.0,0.417,4.0,1.0,0.25,9.0,8.0,0.889,10.0,1.0,11.0,4.0,3.0,2.0
Terry,Rozier,1626179,22500081,2025-10-22T19:00:00Z,Miami,Heat,Orlando,Magic,,,,,0,0,,0.0,0.0,0.0,0.0,0.0,0.0,0.0,0.0,0.0,0.0,0.0,0.0,0.0,0.0,0.0,0.0,0.0,0.0,0.0
Norman,Powell,1626181,22500081,2025-10-22T19:00:00Z,Miami,Heat,Orlando,Magic,,,,,0,0,36.25,28.0,4.0,1.0,1.0,19.0,9.0,0.474,8.0,4.0,0.5,7.0,6.0,0.857,7.0,2.0,9.0,4.0,3.0,12.0
Pat,Connaughton,1626192,22500080,2025-10-22T19:00:00Z,Charlotte,Hornets,Brooklyn,Nets,,,,,1,1,,0.0,0.0,0.0,0.0,0.0,0.0,0.0,0.0,0.0,0.0,0.0,0.0,0.0,0.0,0.0,0.0,0.0,0.0,0.0
Larry,Nance Jr.,1626204,22500003,2025-10-22T19:00:00Z,Cleveland,Cavaliers,New York,Knicks,,,,,0,0,16.59,10.0,1.0,0.0,0.0,7.0,4.0,0.571,2.0,2.0,1.0,0.0,0.0,0.0,5.0,1.0,6.0,3.0,1.0,-2.0
Guerschon,Yabusele,1627824,22500003,2025-10-22T19:00:00Z,New York,Knicks,Cleveland,Cavaliers,,,,,1,1,12.02,0.0,0.0,0.0,0.0,2.0,0.0,0.0,1.0,0.0,0.0,0.0,0.0,0.0,0.0,1.0,1.0,1.0,0.0,4.0
Lonzo,Ball,1628366,22500003,2025-10-22T19:00:00Z,Cleveland,Cavaliers,New York,Knicks,,,,,0,0,23.29,3.0,6.0,0.0,0.0,7.0,1.0,0.143,7.0,1.0,0.143,0.0,0.0,0.0,3.0,1.0,4.0,0.0,4.0,-3.0
Jonathan,Isaac,1628371,22500081,2025-10-22T19:00:00Z,Orlando,Magic,Miami,Heat,,,,,1,1,7.02,0.0,0.0,0.0,1.0,1.0,0.0,0.0,1.0,0.0,0.0,0.0,0.0,0.0,1.0,0.0,1.0,0.0,0.0,-6.0
Donovan,Mitchell,1628378,22500003,2025-10-22T19:00:00Z,Cleveland,Cavaliers,New York,Knicks,,,,,0,0,35.53,31.0,5.0,1.0,2.0,25.0,12.0,0.48,9.0,2.0,0.222,5.0,5.0,1.0,2.0,0.0,2.0,2.0,3.0,-14.0
OG,Anunoby,1628384,22500003,2025-10-22T19:00:00Z,New York,Knicks,Cleveland,Cavaliers,,,,,1,1,37.3,24.0,2.0,1.0,3.0,17.0,9.0,0.529,9.0,4.0,0.444,4.0,2.0,0.5,12.0,2.0,14.0,0.0,4.0,10.0
Jarrett,Allen,1628386,22500003,2025-10-22T19:00:00Z,Cleveland,Cavaliers,New York,Knicks,,,,,0,0,28.13,4.0,1.0,0.0,2.0,4.0,1.0,0.25,0.0,0.0,0.0,4.0,2.0,0.5,4.0,0.0,4.0,0.0,1.0,-4.0
Bam,Adebayo,1628389,22500081,2025-10-22T19:00:00Z,Miami,Heat,Orlando,Magic,,,,,0,0,34.12,15.0,2.0,0.0,0.0,13.0,4.0,0.308,5.0,1.0,0.2,7.0,6.0,0.857,9.0,3.0,12.0,3.0,4.0,-2.0
Thomas,Bryant,1628418,22500003,2025-10-22T19:00:00Z,Cleveland,Cavaliers,New York,Knicks,,,,,0,0,,0.0,0.0,0.0,0.0,0.0,0.0,0.0,0.0,0.0,0.0,0.0,0.0,0.0,0.0,0.0,0.0,0.0,0.0,0.0
Mikal,Bridges,1628969,22500003,2025-10-22T19:00:00Z,New York,Knicks,Cleveland,Cavaliers,,,,,1,1,33.12,16.0,6.0,2.0,3.0,11.0,6.0,0.545,3.0,1.0,0.333,3.0,3.0,1.0,4.0,1.0,5.0,3.0,0.0,1.0
Miles,Bridges,1628970,22500080,2025-10-22T19:00:00Z,Charlotte,Hornets,Brooklyn,Nets,,,,,1,1,30.51,18.0,4.0,0.0,1.0,11.0,6.0,0.545,6.0,3.0,0.5,4.0,3.0,0.75,9.0,2.0,11.0,1.0,1.0,7.0
Jalen,Brunson,1628973,22500003,2025-10-22T19:00:00Z,New York,Knicks,Cleveland,Cavaliers,,,,,1,1,34.23,23.0,5.0,0.0,0.0,18.0,5.0,0.278,9.0,1.0,0.111,13.0,12.0,0.923,4.0,0.0,4.0,3.0,2.0,6.0
Wendell,Carter Jr.,1628976,22500081,2025-10-22T19:00:00Z,Orlando,Magic,Miami,Heat,,,,,1,1,29.3,9.0,1.0,1.0,1.0,5.0,2.0,0.4,1.0,0.0,0.0,5.0,5.0,1.0,3.0,5.0,8.0,4.0,2.0,-7.0
Michael,Porter Jr.,1629008,22500080,2025-10-22T19:00:00Z,Brooklyn,Nets,Charlotte,Hornets,,,,,0,0,25.18,12.0,5.0,0.0,0.0,15.0,5.0,0.333,7.0,2.0,0.286,2.0,0.0,0.0,3.0,1.0,4.0,2.0,0.0,-19.0
Collin,Sexton,1629012,22500080,2025-10-22T19:00:00Z,Charlotte,Hornets,Brooklyn,Nets,,,,,1,1,17.11,15.0,3.0,0.0,1.0,9.0,4.0,0.444,2.0,1.0,0.5,7.0,6.0,0.857,1.0,0.0,1.0,2.0,1.0,5.0
Landry,Shamet,1629013,22500003,2025-10-22T19:00:00Z,New York,Knicks,Cleveland,Cavaliers,,,,,1,1,13.49,9.0,1.0,0.0,1.0,4.0,2.0,0.5,3.0,2.0,0.667,3.0,3.0,1.0,2.0,0.0,2.0,1.0,1.0,-5.0
Goga,Bitadze,1629048,22500081,2025-10-22T19:00:00Z,Orlando,Magic,Miami,Heat,,,,,1,1,18.3,8.0,4.0,1.0,1.0,4.0,3.0,0.75,1.0,0.0,0.0,2.0,2.0,1.0,5.0,3.0,8.0,1.0,0.0,11.0
Terance,Mann,1629611,22500080,2025-10-22T19:00:00Z,Brooklyn,Nets,Charlotte,Hornets,,,,,0,0,19.27,13.0,1.0,0.0,1.0,6.0,4.0,0.667,3.0,2.0,0.667,3.0,3.0,1.0,0.0,1.0,1.0,4.0,1.0,4.0
Nic,Claxton,1629651,22500080,2025-10-22T19:00:00Z,Brooklyn,Nets,Charlotte,Hornets,,,,,0,0,22.59,17.0,2.0,0.0,0.0,12.0,8.0,0.667,1.0,0.0,0.0,2.0,1.0,0.5,2.0,2.0,4.0,0.0,1.0,-11.0
Dean,Wade,1629731,22500003,2025-10-22T19:00:00Z,Cleveland,Cavaliers,New York,Knicks,,,,,0,0,28.07,10.0,0.0,1.0,1.0,3.0,3.0,1.0,3.0,3.0,1.0,2.0,1.0,0.5,2.0,0.0,2.0,4.0,0.0,0.0
LaMelo,Ball,1630163,22500080,2025-10-22T19:00:00Z,Charlotte,Hornets,Brooklyn,Nets,,,,,1,1,33.34,20.0,8.0,0.0,1.0,15.0,7.0,0.467,8.0,4.0,0.5,5.0,2.0,0.4,1.0,1.0,2.0,3.0,3.0,10.0
Desmond,Bane,1630217,22500081,2025-10-22T19:00:00Z,Orlando,Magic,Miami,Heat,,,,,1,1,32.31,23.0,3.0,2.0,0.0,18.0,7.0,0.389,6.0,3.0,0.5,6.0,6.0,1.0,4.0,0.0,4.0,4.0,4.0,-3.0
Sam,Merrill,1630241,22500003,2025-10-22T19:00:00Z,Cleveland,Cavaliers,New York,Knicks,,,,,0,0,28.22,19.0,1.0,0.0,0.0,11.0,6.0,0.545,10.0,5.0,0.5,2.0,2.0,1.0,2.0,1.0,3.0,6.0,1.0,-1.0
Franz,Wagner,1630532,22500081,2025-10-22T19:00:00Z,Orlando,Magic,Miami,Heat,,,,,1,1,35.3,24.0,6.0,0.0,2.0,17.0,9.0,0.529,5.0,2.0,0.4,6.0,4.0,0.667,4.0,0.0,4.0,5.0,2.0,5.0
Ziaire,Williams,1630533,22500080,2025-10-22T19:00:00Z,Brooklyn,Nets,Charlotte,Hornets,,,,,0,0,14.51,1.0,1.0,0.0,1.0,3.0,0.0,0.0,2.0,0.0,0.0,2.0,1.0,0.5,2.0,1.0,3.0,1.0,0.0,-18.0
Miles,McBride,1630540,22500003,2025-10-22T19:00:00Z,New York,Knicks,Cleveland,Cavaliers,,,,,1,1,25.52,15.0,1.0,0.0,1.0,7.0,4.0,0.571,6.0,4.0,0.667,4.0,3.0,0.75,1.0,1.0,2.0,4.0,2.0,17.0
Tre,Mann,1630544,22500080,2025-10-22T19:00:00Z,Charlotte,Hornets,Brooklyn,Nets,,,,,1,1,20.39,12.0,6.0,0.0,1.0,7.0,4.0,0.571,3.0,2.0,0.667,3.0,2.0,0.667,2.0,1.0,3.0,1.0,2.0,15.0
Day'Ron,Sharpe,1630549,22500080,2025-10-22T19:00:00Z,Brooklyn,Nets,Charlotte,Hornets,,,,,0,0,14.04,14.0,0.0,2.0,1.0,7.0,6.0,0.857,2.0,1.0,0.5,2.0,1.0,0.5,3.0,1.0,4.0,5.0,5.0,-13.0
Davion,Mitchell,1630558,22500081,2025-10-22T19:00:00Z,Miami,Heat,Orlando,Magic,,,,,0,0,34.46,16.0,12.0,1.0,2.0,15.0,7.0,0.467,6.0,2.0,0.333,0.0,0.0,0.0,4.0,2.0,6.0,4.0,1.0,2.0
Cam,Thomas,1630560,22500080,2025-10-22T19:00:00Z,Brooklyn,Nets,Charlotte,Hornets,,,,,0,0,24.04,15.0,2.0,1.0,0.0,9.0,2.0,0.222,2.0,0.0,0.0,13.0,11.0,0.846,1.0,0.0,1.0,2.0,2.0,-19.0
Ariel,Hukporti,1630574,22500003,2025-10-22T19:00:00Z,New York,Knicks,Cleveland,Cavaliers,,,,,1,1,17.45,2.0,2.0,1.0,0.0,2.0,1.0,0.5,0.0,0.0,0.0,0.0,0.0,0.0,4.0,1.0,5.0,3.0,1.0,-4.0
Jalen,Suggs,1630591,22500081,2025-10-22T19:00:00Z,Orlando,Magic,Miami,Heat,,,,,1,1,16.3,14.0,2.0,0.0,2.0,7.0,6.0,0.857,3.0,2.0,0.667,0.0,0.0,0.0,4.0,0.0,4.0,3.0,2.0,15.0
Jalen,Wilson,1630592,22500080,2025-10-22T19:00:00Z,Brooklyn,Nets,Charlotte,Hornets,,,,,0,0,14.42,8.0,0.0,0.0,0.0,5.0,3.0,0.6,4.0,2.0,0.5,0.0,0.0,0.0,0.0,0.0,0.0,1.0,1.0,10.0
Evan,Mobley,1630596,22500003,2025-10-22T19:00:00Z,Cleveland,Cavaliers,New York,Knicks,,,,,0,0,35.56,22.0,3.0,1.0,3.0,18.0,8.0,0.444,8.0,4.0,0.5,5.0,2.0,0.4,8.0,0.0,8.0,3.0,3.0,0.0
Dru,Smith,1630696,22500081,2025-10-22T19:00:00Z,Miami,Heat,Orlando,Magic,,,,,0,0,13.14,2.0,5.0,0.0,1.0,4.0,1.0,0.25,1.0,0.0,0.0,0.0,0.0,0.0,1.0,0.0,1.0,2.0,1.0,-6.0
Paolo,Banchero,1631094,22500081,2025-10-22T19:00:00Z,Orlando,Magic,Miami,Heat,,,,,1,1,35.23,24.0,1.0,1.0,1.0,17.0,7.0,0.412,3.0,1.0,0.333,12.0,9.0,0.75,11.0,0.0,11.0,1.0,2.0,-2.0
Nikola,Jovic,1631107,22500081,2025-10-22T19:00:00Z,Miami,Heat,Orlando,Magic,,,,,0,0,23.07,9.0,0.0,0.0,1.0,6.0,2.0,0.333,3.0,2.0,0.667,4.0,3.0,0.75,3.0,0.0,3.0,2.0,3.0,8.0
Jaime,Jaquez Jr.,1631170,22500081,2025-10-22T19:00:00Z,Miami,Heat,Orlando,Magic,,,,,0,0,29.49,13.0,1.0,0.0,2.0,7.0,6.0,0.857,1.0,0.0,0.0,2.0,1.0,0.5,5.0,1.0,6.0,3.0,2.0,-1.0
Tyrese,Martin,1631213,22500080,2025-10-22T19:00:00Z,Brooklyn,Nets,Charlotte,Hornets,,,,,0,0,25.55,5.0,5.0,0.0,2.0,8.0,2.0,0.25,5.0,1.0,0.2,0.0,0.0,0.0,0.0,3.0,3.0,1.0,3.0,0.0
Moussa,Diabate,1631217,22500080,2025-10-22T19:00:00Z,Charlotte,Hornets,Brooklyn,Nets,,,,,1,1,21.14,13.0,0.0,1.0,1.0,7.0,5.0,0.714,0.0,0.0,0.0,4.0,3.0,0.75,5.0,4.0,9.0,3.0,2.0,8.0
Luke,Travers,1631247,22500003,2025-10-22T19:00:00Z,Cleveland,Cavaliers,New York,Knicks,,,,,0,0,,0.0,0.0,0.0,0.0,0.0,0.0,0.0,0.0,0.0,0.0,0.0,0.0,0.0,0.0,0.0,0.0,0.0,0.0,0.0
Simone,Fontecchio,1631323,22500081,2025-10-22T19:00:00Z,Miami,Heat,Orlando,Magic,,,,,0,0,18.58,13.0,1.0,0.0,0.0,9.0,6.0,0.667,3.0,1.0,0.333,0.0,0.0,0.0,1.0,1.0,2.0,2.0,1.0,-9.0
Brandon,Miller,1641706,22500080,2025-10-22T19:00:00Z,Charlotte,Hornets,Brooklyn,Nets,,,,,1,1,30.3,25.0,7.0,1.0,0.0,19.0,8.0,0.421,9.0,2.0,0.222,10.0,7.0,0.7,0.0,0.0,0.0,4.0,1.0,14.0
Anthony,Black,1641710,22500081,2025-10-22T19:00:00Z,Orlando,Magic,Miami,Heat,,,,,1,1,23.19,7.0,3.0,1.0,0.0,9.0,3.0,0.333,2.0,1.0,0.5,0.0,0.0,0.0,3.0,0.0,3.0,2.0,0.0,13.0
Jett,Howard,1641724,22500081,2025-10-22T19:00:00Z,Orlando,Magic,Miami,Heat,,,,,1,1,,0.0,0.0,0.0,0.0,0.0,0.0,0.0,0.0,0.0,0.0,0.0,0.0,0.0,0.0,0.0,0.0,0.0,0.0,0.0
Noah,Clowney,1641730,22500080,2025-10-22T19:00:00Z,Brooklyn,Nets,Charlotte,Hornets,,,,,0,0,20.15,5.0,2.0,0.0,0.0,6.0,1.0,0.167,3.0,1.0,0.333,2.0,2.0,1.0,2.0,2.0,4.0,2.0,1.0,-7.0
Ryan,Kalkbrenner,1641750,22500080,2025-10-22T19:00:00Z,Charlotte,Hornets,Brooklyn,Nets,,,,,1,1,26.46,10.0,1.0,2.0,0.0,6.0,5.0,0.833,0.0,0.0,0.0,0.0,0.0,0.0,6.0,5.0,11.0,4.0,4.0,11.0
Nae'Qwan,Tomlin,1641772,22500003,2025-10-22T19:00:00Z,Cleveland,Cavaliers,New York,Knicks,,,,,0,0,,0.0,0.0,0.0,0.0,0.0,0.0,0.0,0.0,0.0,0.0,0.0,0.0,0.0,0.0,0.0,0.0,0.0,0.0,0.0
Tristan,da Silva,1641783,22500081,2025-10-22T19:00:00Z,Orlando,Magic,Miami,Heat,,,,,1,1,18.15,16.0,0.0,0.0,0.0,8.0,5.0,0.625,5.0,3.0,0.6,4.0,3.0,0.75,1.0,0.0,1.0,0.0,1.0,11.0
Pelle,Larsson,1641796,22500081,2025-10-22T19:00:00Z,Miami,Heat,Orlando,Magic,,,,,0,0,3.5,0.0,0.0,0.0,0.0,1.0,0.0,0.0,1.0,0.0,0.0,0.0,0.0,0.0,0.0,0.0,0.0,2.0,0.0,-1.0
Craig,Porter Jr.,1641854,22500003,2025-10-22T19:00:00Z,Cleveland,Cavaliers,New York,Knicks,,,,,0,0,6.43,2.0,1.0,0.0,0.0,2.0,1.0,0.5,1.0,0.0,0.0,0.0,0.0,0.0,0.0,0.0,0.0,1.0,0.0,-9.0
Trey,Jemison III,1641998,22500003,2025-10-22T19:00:00Z,New York,Knicks,Cleveland,Cavaliers,,,,,1,1,7.41,0.0,0.0,0.0,0.0,0.0,0.0,0.0,0.0,0.0,0.0,0.0,0.0,0.0,1.0,1.0,2.0,0.0,0.0,3.0
Myron,Gardner,1642066,22500081,2025-10-22T19:00:00Z,Miami,Heat,Orlando,Magic,,,,,0,0,,0.0,0.0,0.0,0.0,0.0,0.0,0.0,0.0,0.0,0.0,0.0,0.0,0.0,0.0,0.0,0.0,0.0,0.0,0.0
Tidjane,Salaun,1642275,22500080,2025-10-22T19:00:00Z,Charlotte,Hornets,Brooklyn,Nets,,,,,1,1,17.09,10.0,1.0,0.0,0.0,7.0,4.0,0.571,3.0,2.0,0.667,0.0,0.0,0.0,4.0,0.0,4.0,2.0,0.0,12.0
Kel'el,Ware,1642276,22500081,2025-10-22T19:00:00Z,Miami,Heat,Orlando,Magic,,,,,0,0,13.48,7.0,0.0,1.0,1.0,5.0,3.0,0.6,2.0,1.0,0.5,0.0,0.0,0.0,3.0,1.0,4.0,2.0,1.0,-2.0
Tyler,Kolek,1642278,22500003,2025-10-22T19:00:00Z,New York,Knicks,Cleveland,Cavaliers,,,,,1,1,13.37,7.0,2.0,0.0,0.0,6.0,3.0,0.5,3.0,1.0,0.333,0.0,0.0,0.0,1.0,0.0,1.0,2.0,0.0,2.0
Jaylon,Tyson,1642281,22500003,2025-10-22T19:00:00Z,Cleveland,Cavaliers,New York,Knicks,,,,,0,0,20.13,5.0,1.0,1.0,0.0,4.0,2.0,0.5,3.0,1.0,0.333,0.0,0.0,0.0,1.0,1.0,2.0,4.0,2.0,-6.0
Keshad,Johnson,1642352,22500081,2025-10-22T19:00:00Z,Miami,Heat,Orlando,Magic,,,,,0,0,,0.0,0.0,0.0,0.0,0.0,0.0,0.0,0.0,0.0,0.0,0.0,0.0,0.0,0.0,0.0,0.0,0.0,0.0,0.0
Pacome,Dadiet,1642359,22500003,2025-10-22T19:00:00Z,New York,Knicks,Cleveland,Cavaliers,,,,,1,1,,0.0,0.0,0.0,0.0,0.0,0.0,0.0,0.0,0.0,0.0,0.0,0.0,0.0,0.0,0.0,0.0,0.0,0.0,0.0
Nolan,Traore,1642849,22500080,2025-10-22T19:00:00Z,Brooklyn,Nets,Charlotte,Hornets,,,,,0,0,8.53,3.0,1.0,0.0,2.0,3.0,1.0,0.333,2.0,1.0,0.5,0.0,0.0,0.0,0.0,0.0,0.0,1.0,0.0,-8.0
Kon,Knueppel,1642851,22500080,2025-10-22T19:00:00Z,Charlotte,Hornets,Brooklyn,Nets,,,,,1,1,25.29,11.0,1.0,0.0,0.0,6.0,4.0,0.667,4.0,3.0,0.75,0.0,0.0,0.0,5.0,0.0,5.0,3.0,2.0,10.0
Egor,Demin,1642856,22500080,2025-10-22T19:00:00Z,Brooklyn,Nets,Charlotte,Hornets,,,,,0,0,22.19,14.0,2.0,0.0,1.0,6.0,4.0,0.667,6.0,4.0,0.667,2.0,2.0,1.0,5.0,0.0,5.0,3.0,2.0,-6.0
Jase,Richardson,1642859,22500081,2025-10-22T19:00:00Z,Orlando,Magic,Miami,Heat,,,,,1,1,,0.0,0.0,0.0,0.0,0.0,0.0,0.0,0.0,0.0,0.0,0.0,0.0,0.0,0.0,0.0,0.0,0.0,0.0,0.0
Liam,McNeeley,1642862,22500080,2025-10-22T19:00:00Z,Charlotte,Hornets,Brooklyn,Nets,,,,,1,1,,0.0,0.0,0.0,0.0,0.0,0.0,0.0,0.0,0.0,0.0,0.0,0.0,0.0,0.0,0.0,0.0,0.0,0.0,0.0
Noah,Penda,1642869,22500081,2025-10-22T19:00:00Z,Orlando,Magic,Miami,Heat,,,,,1,1,,0.0,0.0,0.0,0.0,0.0,0.0,0.0,0.0,0.0,0.0,0.0,0.0,0.0,0.0,0.0,0.0,0.0,0.0,0.0
Danny,Wolf,1642874,22500080,2025-10-22T19:00:00Z,Brooklyn,Nets,Charlotte,Hornets,,,,,0,0,,0.0,0.0,0.0,0.0,0.0,0.0,0.0,0.0,0.0,0.0,0.0,0.0,0.0,0.0,0.0,0.0,0.0,0.0,0.0
Tyrese,Proctor,1642878,22500003,2025-10-22T19:00:00Z,Cleveland,Cavaliers,New York,Knicks,,,,,0,0,16.06,5.0,2.0,0.0,0.0,5.0,2.0,0.4,3.0,1.0,0.333,0.0,0.0,0.0,1.0,0.0,1.0,2.0,0.0,-1.0
Ben,Saraf,1642879,22500080,2025-10-22T19:00:00Z,Brooklyn,Nets,Charlotte,Hornets,,,,,0,0,20.01,8.0,4.0,0.0,0.0,7.0,2.0,0.286,3.0,0.0,0.0,6.0,4.0,0.667,6.0,1.0,7.0,2.0,0.0,-6.0
Sion,James,1642883,22500080,2025-10-22T19:00:00Z,Charlotte,Hornets,Brooklyn,Nets,,,,,1,1,16.37,2.0,2.0,1.0,0.0,3.0,1.0,0.333,1.0,0.0,0.0,0.0,0.0,0.0,3.0,1.0,4.0,2.0,0.0,3.0
Vladislav,Goldin,1642884,22500081,2025-10-22T19:00:00Z,Miami,Heat,Orlando,Magic,,,,,0,0,,0.0,0.0,0.0,0.0,0.0,0.0,0.0,0.0,0.0,0.0,0.0,0.0,0.0,0.0,0.0,0.0,0.0,0.0,0.0
Mohamed,Diawara,1642885,22500003,2025-10-22T19:00:00Z,New York,Knicks,Cleveland,Cavaliers,,,,,1,1,,0.0,0.0,0.0,0.0,0.0,0.0,0.0,0.0,0.0,0.0,0.0,0.0,0.0,0.0,0.0,0.0,0.0,0.0,0.0
Drake,Powell,1642962,22500080,2025-10-22T19:00:00Z,Brooklyn,Nets,Charlotte,Hornets,,,,,0,0,7.12,2.0,0.0,0.0,0.0,1.0,1.0,1.0,0.0,0.0,0.0,0.0,0.0,0.0,2.0,0.0,2.0,4.0,1.0,-2.0
Mason,Plumlee,203486,22500080,2025-10-22T19:00:00Z,Charlotte,Hornets,Brooklyn,Nets,,,,,1,1,,0.0,0.0,0.0,0.0,0.0,0.0,0.0,0.0,0.0,0.0,0.0,0.0,0.0,0.0,0.0,0.0,0.0,0.0,0.0
Jordan,Clarkson,203903,22500003,2025-10-22T19:00:00Z,New York,Knicks,Cleveland,Cavaliers,,,,,1,1,13.09,4.0,1.0,0.0,0.0,7.0,2.0,0.286,2.0,0.0,0.0,0.0,0.0,0.0,0.0,1.0,1.0,2.0,0.0,4.0
Andrew,Wiggins,203952,22500081,2025-10-22T19:00:00Z,Miami,Heat,Orlando,Magic,,,,,0,0,31.51,18.0,1.0,1.0,1.0,12.0,6.0,0.5,5.0,1.0,0.2,7.0,5.0,0.714,4.0,0.0,4.0,4.0,1.0,-21.0
